series_release,series_code,series_description,geoAreaCode,X,Y,ISO3CD,geoAreaName,sliceId,Units,Units_description,F2010,F2011,F2012,F2013,F2014,F2015,F2016,last_5_years_mean,latest_year,latest_value,latest_source,latest_nature,FID
2018.Q2.G.01,VC_IHR_PSRC,"Number of victims of intentional homicide per 100,000 population (victims per 100,000 population)",4,66.02688198,33.83160199,AFG,Afghanistan,1,PER_100000_POP,"Per 100,000 population",3.41,4.14,6.35,,,,,6.35,2012,6.35,National Statistical Office,C,1
2018.Q2.G.01,VC_IHR_PSRC,"Number of victims of intentional homicide per 100,000 population (victims per 100,000 population)",8,20.06660928,41.13897007,ALB,Albania,1,PER_100000_POP,"Per 100,000 population",4.32,4.85,5.38,4.25,4.01,2.26,2.7,3.72,2016,2.7,United Nations Survey on Crime Trends and Operations of Criminal Justice System,C,3
2018.Q2.G.01,VC_IHR_PSRC,"Number of victims of intentional homicide per 100,000 population (victims per 100,000 population)",10,21.47585697,-80.40897662,ATA,Antarctica,1,PER_100000_POP,"Per 100,000 population",,,,,,,,,,,,,5
2018.Q2.G.01,VC_IHR_PSRC,"Number of victims of intentional homicide per 100,000 population (victims per 100,000 population)",12,2.678164227,28.15940032,DZA,Algeria,1,PER_100000_POP,"Per 100,000 population",0.7,0.76,1.39,1.25,1.48,1.36,,1.37,2015,1.36,United Nations Survey on Crime Trends and Operations of Criminal Justice System,C,8
2018.Q2.G.01,VC_IHR_PSRC,"Number of victims of intentional homicide per 100,000 population (victims per 100,000 population)",16,-170.7187269,-14.30587306,ASM,American Samoa,1,PER_100000_POP,"Per 100,000 population",8.99,9.04,3.62,5.42,5.41,7.2,5.4,5.41,2016,5.4,National Statistical Office,C,9
2018.Q2.G.01,VC_IHR_PSRC,"Number of victims of intentional homicide per 100,000 population (victims per 100,000 population)",20,1.576257417,42.54548611,AND,Andorra,1,PER_100000_POP,"Per 100,000 population",0,1.19,0,0,0,0,,0,2015,0,United Nations Survey on Crime Trends and Operations of Criminal Justice System,C,12
2018.Q2.G.01,VC_IHR_PSRC,"Number of victims of intentional homicide per 100,000 population (victims per 100,000 population)",24,17.57817062,-12.33724746,AGO,Angola,1,PER_100000_POP,"Per 100,000 population",,4.36,4.85,,,,,4.85,2012,4.85,National Statistical Office,M,13
2018.Q2.G.01,VC_IHR_PSRC,"Number of victims of intentional homicide per 100,000 population (victims per 100,000 population)",28,-61.7999755,17.07761471,ATG,Antigua and Barbuda,1,PER_100000_POP,"Per 100,000 population",6.34,,10.33,,,,,10.33,2012,10.33,Organzation of American States,C,16
2018.Q2.G.01,VC_IHR_PSRC,"Number of victims of intentional homicide per 100,000 population (victims per 100,000 population)",31,50.01064725,40.39229544,AZE,Azerbaijan,1,PER_100000_POP,"Per 100,000 population",2.28,,2.18,2.35,2.48,,2.14,2.2875,2016,2.14,United Nations Survey on Crime Trends and Operations of Criminal Justice System,C,17
2018.Q2.G.01,VC_IHR_PSRC,"Number of victims of intentional homicide per 100,000 population (victims per 100,000 population)",32,-65.14563274,-35.19446255,ARG,Argentina,1,PER_100000_POP,"Per 100,000 population",,,,,7.51,6.53,5.94,6.66,2016,5.94,United Nations Survey on Crime Trends and Operations of Criminal Justice System,C,18
2018.Q2.G.01,VC_IHR_PSRC,"Number of victims of intentional homicide per 100,000 population (victims per 100,000 population)",36,134.3499412,-25.57717202,AUS,Australia,1,PER_100000_POP,"Per 100,000 population",1.04,1.1,1.06,1.06,1.04,0.99,0.94,1.018,2016,0.94,United Nations Survey on Crime Trends and Operations of Criminal Justice System,C,19
2018.Q2.G.01,VC_IHR_PSRC,"Number of victims of intentional homicide per 100,000 population (victims per 100,000 population)",40,14.14172472,47.58704857,AUT,Austria,1,PER_100000_POP,"Per 100,000 population",0.69,0.89,0.93,0.72,0.52,0.53,0.66,0.672,2016,0.66,United Nations Survey on Crime Trends and Operations of Criminal Justice System,C,20
2018.Q2.G.01,VC_IHR_PSRC,"Number of victims of intentional homicide per 100,000 population (victims per 100,000 population)",44,-78.05111663,24.69546597,BHS,Bahamas,1,PER_100000_POP,"Per 100,000 population",26.05,34.65,29.84,31.54,31.92,,,31.1,2014,31.92,United Nations Survey on Crime Trends and Operations of Criminal Justice System,C,21
2018.Q2.G.01,VC_IHR_PSRC,"Number of victims of intentional homicide per 100,000 population (victims per 100,000 population)",48,50.5490754,26.04407747,BHR,Bahrain,1,PER_100000_POP,"Per 100,000 population",0.89,0.55,0.31,0.38,0.52,,,0.403333333,2014,0.52,United Nations Survey on Crime Trends and Operations of Criminal Justice System,C,22
2018.Q2.G.01,VC_IHR_PSRC,"Number of victims of intentional homicide per 100,000 population (victims per 100,000 population)",50,89.17660788,22.86961622,BGD,Bangladesh,1,PER_100000_POP,"Per 100,000 population",2.62,2.58,2.64,2.79,2.83,2.5,,2.69,2015,2.5,National Police,C,23
2018.Q2.G.01,VC_IHR_PSRC,"Number of victims of intentional homicide per 100,000 population (victims per 100,000 population)",51,44.93839317,40.29499741,ARM,Armenia,1,PER_100000_POP,"Per 100,000 population",1.95,2.47,2.26,2.18,2.48,2.57,2.98,2.494,2016,2.98,United Nations Survey on Crime Trends and Operations of Criminal Justice System,C,24
2018.Q2.G.01,VC_IHR_PSRC,"Number of victims of intentional homicide per 100,000 population (victims per 100,000 population)",52,-59.5346489,13.13648273,BRB,Barbados,1,PER_100000_POP,"Per 100,000 population",11.09,9.62,7.81,8.5,8.82,10.91,,9.01,2015,10.91,United Nations Survey on Crime Trends and Operations of Criminal Justice System,C,25
2018.Q2.G.01,VC_IHR_PSRC,"Number of victims of intentional homicide per 100,000 population (victims per 100,000 population)",56,4.660976456,50.64104975,BEL,Belgium,1,PER_100000_POP,"Per 100,000 population",1.73,1.94,1.85,1.84,1.85,1.95,,1.8725,2015,1.95,United Nations Survey on Crime Trends and Operations of Criminal Justice System,C,26
2018.Q2.G.01,VC_IHR_PSRC,"Number of victims of intentional homicide per 100,000 population (victims per 100,000 population)",60,-64.78155012,32.27881922,BMU,Bermuda,1,PER_100000_POP,"Per 100,000 population",10.95,12.58,9.5,7.97,6.41,6.45,11.34,8.334,2016,11.34,United Nations Survey on Crime Trends and Operations of Criminal Justice System,C,27
2018.Q2.G.01,VC_IHR_PSRC,"Number of victims of intentional homicide per 100,000 population (victims per 100,000 population)",64,90.45098484,27.39598568,BTN,Bhutan,1,PER_100000_POP,"Per 100,000 population",2.2,4.32,4.38,3.14,2.7,1.52,1.13,2.574,2016,1.13,United Nations Survey on Crime Trends and Operations of Criminal Justice System,C,28
2018.Q2.G.01,VC_IHR_PSRC,"Number of victims of intentional homicide per 100,000 population (victims per 100,000 population)",68,-64.66224284,-16.71273412,BOL,Bolivia (Plurinational State of),1,PER_100000_POP,"Per 100,000 population",10.61,10.21,12.4,,,,,12.4,2012,12.4,National Police,C,29
2018.Q2.G.01,VC_IHR_PSRC,"Number of victims of intentional homicide per 100,000 population (victims per 100,000 population)",70,17.78584332,44.16845548,BIH,Bosnia and Herzegovina,1,PER_100000_POP,"Per 100,000 population",1.5,1.38,1.73,1.28,1.4,1.61,1.28,1.46,2016,1.28,United Nations Survey on Crime Trends and Operations of Criminal Justice System,C,30
2018.Q2.G.01,VC_IHR_PSRC,"Number of victims of intentional homicide per 100,000 population (victims per 100,000 population)",72,23.81380223,-22.18810073,BWA,Botswana,1,PER_100000_POP,"Per 100,000 population",15.04,,,,,,,,2010,15.04,Global Status Report on Violence Prevention,C,31
2018.Q2.G.01,VC_IHR_PSRC,"Number of victims of intentional homicide per 100,000 population (victims per 100,000 population)",74,3.410732868,-54.43295905,BVT,Bouvet Island,1,PER_100000_POP,"Per 100,000 population",,,,,,,,,,,,,32
2018.Q2.G.01,VC_IHR_PSRC,"Number of victims of intentional homicide per 100,000 population (victims per 100,000 population)",76,-53.08432878,-10.77668561,BRA,Brazil,1,PER_100000_POP,"Per 100,000 population",21.99,24.2,26.45,26.76,27.96,26.98,,27.0375,2015,26.98,Anuario Brasileiro de Seguranca Publica,C,33
2018.Q2.G.01,VC_IHR_PSRC,"Number of victims of intentional homicide per 100,000 population (victims per 100,000 population)",84,-88.70199554,17.19965901,BLZ,Belize,1,PER_100000_POP,"Per 100,000 population",40.11,37.67,43.06,28.76,34.97,33.12,37.6,35.502,2016,37.6,United Nations Survey on Crime Trends and Operations of Criminal Justice System,C,34
2018.Q2.G.01,VC_IHR_PSRC,"Number of victims of intentional homicide per 100,000 population (victims per 100,000 population)",86,72.38715553,-7.299281071,IOT,British Indian Ocean Territory,1,PER_100000_POP,"Per 100,000 population",,,,,,,,,,,,,35
2018.Q2.G.01,VC_IHR_PSRC,"Number of victims of intentional homicide per 100,000 population (victims per 100,000 population)",90,160.1584117,-9.622391719,SLB,Solomon Islands,1,PER_100000_POP,"Per 100,000 population",,,,,,,,,,,,,36
2018.Q2.G.01,VC_IHR_PSRC,"Number of victims of intentional homicide per 100,000 population (victims per 100,000 population)",92,-64.63294223,18.42256578,VGB,British Virgin Islands,1,PER_100000_POP,"Per 100,000 population",,,,,,,,,,,,,37
2018.Q2.G.01,VC_IHR_PSRC,"Number of victims of intentional homicide per 100,000 population (victims per 100,000 population)",96,114.6288563,4.49736984,BRN,Brunei Darussalam,1,PER_100000_POP,"Per 100,000 population",0.26,0.25,1,0.49,,,,0.745,2013,0.49,Global Status Report on Violence Prevention,C,38
2018.Q2.G.01,VC_IHR_PSRC,"Number of victims of intentional homicide per 100,000 population (victims per 100,000 population)",100,25.23763153,42.75731323,BGR,Bulgaria,1,PER_100000_POP,"Per 100,000 population",2,1.74,1.93,1.5,1.61,1.8,1.14,1.596,2016,1.14,United Nations Survey on Crime Trends and Operations of Criminal Justice System,C,40
2018.Q2.G.01,VC_IHR_PSRC,"Number of victims of intentional homicide per 100,000 population (victims per 100,000 population)",104,96.51752295,21.19332882,MMR,Myanmar,1,PER_100000_POP,"Per 100,000 population",1.6,2.09,2.82,2.41,2.37,2.2,2.27,2.414,2016,2.27,United Nations Survey on Crime Trends and Operations of Criminal Justice System,C,41
2018.Q2.G.01,VC_IHR_PSRC,"Number of victims of intentional homicide per 100,000 population (victims per 100,000 population)",108,29.89080992,-3.366387428,BDI,Burundi,1,PER_100000_POP,"Per 100,000 population",3.96,3.86,5.36,5.87,4.41,4.52,6.02,5.236,2016,6.02,United Nations Survey on Crime Trends and Operations of Criminal Justice System,C,42
2018.Q2.G.01,VC_IHR_PSRC,"Number of victims of intentional homicide per 100,000 population (victims per 100,000 population)",112,28.04940161,53.54193075,BLR,Belarus,1,PER_100000_POP,"Per 100,000 population",4.23,3.94,3.59,3.51,3.58,,,3.56,2014,3.58,United Nations Survey on Crime Trends and Operations of Criminal Justice System,C,43
2018.Q2.G.01,VC_IHR_PSRC,"Number of victims of intentional homicide per 100,000 population (victims per 100,000 population)",116,104.922836,12.71163737,KHM,Cambodia,1,PER_100000_POP,"Per 100,000 population",2.31,1.84,,,,,,,2011,1.84,Global Status Report on Violence Prevention,C,44
2018.Q2.G.01,VC_IHR_PSRC,"Number of victims of intentional homicide per 100,000 population (victims per 100,000 population)",120,12.7419827,5.692387031,CMR,Cameroon,1,PER_100000_POP,"Per 100,000 population",5,4.07,4.17,,,,,4.17,2012,4.17,National Statistical Office,C,45
2018.Q2.G.01,VC_IHR_PSRC,"Number of victims of intentional homicide per 100,000 population (victims per 100,000 population)",124,-101.6575058,57.72360191,CAN,Canada,1,PER_100000_POP,"Per 100,000 population",1.63,1.75,1.57,1.44,1.46,1.68,1.68,1.566,2016,1.68,United Nations Survey on Crime Trends and Operations of Criminal Justice System,C,46
2018.Q2.G.01,VC_IHR_PSRC,"Number of victims of intentional homicide per 100,000 population (victims per 100,000 population)",132,-23.63544151,15.07791834,CPV,Cabo Verde,1,PER_100000_POP,"Per 100,000 population",7.76,10.43,10.9,10.38,12.35,8.63,11.49,10.75,2016,11.49,United Nations Survey on Crime Trends and Operations of Criminal Justice System,C,47
2018.Q2.G.01,VC_IHR_PSRC,"Number of victims of intentional homicide per 100,000 population (victims per 100,000 population)",136,-81.16740559,19.32266656,CYM,Cayman Islands,1,PER_100000_POP,"Per 100,000 population",16.21,,,8.57,8.45,,,8.51,2014,8.45,World Health Organization,C,48
2018.Q2.G.01,VC_IHR_PSRC,"Number of victims of intentional homicide per 100,000 population (victims per 100,000 population)",140,20.93559492,7.003720791,CAF,Central African Republic,1,PER_100000_POP,"Per 100,000 population",13.62,,,,,14.11,,14.11,2015,14.11,World Health Organization,M,49
2018.Q2.G.01,VC_IHR_PSRC,"Number of victims of intentional homicide per 100,000 population (victims per 100,000 population)",144,80.70489654,7.614693343,LKA,Sri Lanka,1,PER_100000_POP,"Per 100,000 population",3.78,3.6,3.31,3.02,2.68,2.35,2.55,2.782,2016,2.55,United Nations Survey on Crime Trends and Operations of Criminal Justice System,C,50
2018.Q2.G.01,VC_IHR_PSRC,"Number of victims of intentional homicide per 100,000 population (victims per 100,000 population)",148,18.66618401,15.36279341,TCD,Chad,1,PER_100000_POP,"Per 100,000 population",9.68,,,,,9.04,,9.04,2015,9.04,World Health Organization,M,51
2018.Q2.G.01,VC_IHR_PSRC,"Number of victims of intentional homicide per 100,000 population (victims per 100,000 population)",152,-71.23029019,-35.2652885,CHL,Chile,1,PER_100000_POP,"Per 100,000 population",3.18,3.71,2.51,3.18,3.62,2.92,3.46,3.138,2016,3.46,United Nations Survey on Crime Trends and Operations of Criminal Justice System,C,52
2018.Q2.G.01,VC_IHR_PSRC,"Number of victims of intentional homicide per 100,000 population (victims per 100,000 population)",156,104.1403375,32.30955217,CHN,China,1,PER_100000_POP,"Per 100,000 population",0.99,0.88,0.82,0.77,0.73,,,0.773333333,2014,0.73,National Statistical Office,C,53
2018.Q2.G.01,VC_IHR_PSRC,"Number of victims of intentional homicide per 100,000 population (victims per 100,000 population)",162,105.6426067,-10.4882473,CXR,Christmas Island,1,PER_100000_POP,"Per 100,000 population",,,,,,,,,,,,,54
2018.Q2.G.01,VC_IHR_PSRC,"Number of victims of intentional homicide per 100,000 population (victims per 100,000 population)",166,96.82633757,-12.18600682,CCK,Cocos (Keeling) Islands,1,PER_100000_POP,"Per 100,000 population",,,,,,,,,,,,,55
2018.Q2.G.01,VC_IHR_PSRC,"Number of victims of intentional homicide per 100,000 population (victims per 100,000 population)",170,-73.07446751,3.888209046,COL,Colombia,1,PER_100000_POP,"Per 100,000 population",33.67,34.75,35.07,32.57,27.92,26.5,,30.515,2015,26.5,United Nations Survey on Crime Trends and Operations of Criminal Justice System,C,56
2018.Q2.G.01,VC_IHR_PSRC,"Number of victims of intentional homicide per 100,000 population (victims per 100,000 population)",174,43.34234565,-11.66121732,COM,Comoros,1,PER_100000_POP,"Per 100,000 population",8.53,,,,,7.7,,7.7,2015,7.7,World Health Organization,M,57
2018.Q2.G.01,VC_IHR_PSRC,"Number of victims of intentional homicide per 100,000 population (victims per 100,000 population)",175,45.14015057,-12.82217691,MYT,Mayotte,1,PER_100000_POP,"Per 100,000 population",,,,,,,,,,,,,58
2018.Q2.G.01,VC_IHR_PSRC,"Number of victims of intentional homicide per 100,000 population (victims per 100,000 population)",178,15.22052612,-0.840544119,COG,Congo,1,PER_100000_POP,"Per 100,000 population",9.87,,,,,9.32,,9.32,2015,9.32,World Health Organization,M,59
2018.Q2.G.01,VC_IHR_PSRC,"Number of victims of intentional homicide per 100,000 population (victims per 100,000 population)",180,23.65496507,-2.877154732,COD,Democratic Republic of the Congo,1,PER_100000_POP,"Per 100,000 population",14.28,,,,,13.55,,13.55,2015,13.55,World Health Organization,M,60
2018.Q2.G.01,VC_IHR_PSRC,"Number of victims of intentional homicide per 100,000 population (victims per 100,000 population)",184,-159.7711391,-21.22696458,COK,Cook Islands,1,PER_100000_POP,"Per 100,000 population",,,3.49,,,,,3.49,2012,3.49,World Health Organization,M,61
2018.Q2.G.01,VC_IHR_PSRC,"Number of victims of intentional homicide per 100,000 population (victims per 100,000 population)",188,-84.19712782,9.970998683,CRI,Costa Rica,1,PER_100000_POP,"Per 100,000 population",11.59,10.3,8.74,8.73,10.03,11.77,,9.8175,2015,11.77,Overseas Security Advisory Council - United States,C,62
2018.Q2.G.01,VC_IHR_PSRC,"Number of victims of intentional homicide per 100,000 population (victims per 100,000 population)",191,17.95874553,45.45172212,HRV,Croatia,1,PER_100000_POP,"Per 100,000 population",1.43,1.14,1.19,1.08,0.85,0.87,1.04,1.006,2016,1.04,United Nations Survey on Crime Trends and Operations of Criminal Justice System,C,63
2018.Q2.G.01,VC_IHR_PSRC,"Number of victims of intentional homicide per 100,000 population (victims per 100,000 population)",192,-79.54460144,22.10030366,CUB,Cuba,1,PER_100000_POP,"Per 100,000 population",4.46,4.7,5.46,5.91,5.24,5.4,4.99,5.4,2016,4.99,World Health Organization,C,64
2018.Q2.G.01,VC_IHR_PSRC,"Number of victims of intentional homicide per 100,000 population (victims per 100,000 population)",196,33.22285964,35.05659437,CYP,Cyprus,1,PER_100000_POP,"Per 100,000 population",0.72,0.8,1.94,1.05,0.95,1.29,1.11,1.268,2016,1.11,United Nations Survey on Crime Trends and Operations of Criminal Justice System,C,65
2018.Q2.G.01,VC_IHR_PSRC,"Number of victims of intentional homicide per 100,000 population (victims per 100,000 population)",203,15.33151382,49.73913871,CZE,Czechia,1,PER_100000_POP,"Per 100,000 population",0.98,0.81,0.99,0.93,0.65,0.75,,0.83,2015,0.75,United Nations Survey on Crime Trends and Operations of Criminal Justice System,C,66
2018.Q2.G.01,VC_IHR_PSRC,"Number of victims of intentional homicide per 100,000 population (victims per 100,000 population)",204,2.339933594,9.65401646,BEN,Benin,1,PER_100000_POP,"Per 100,000 population",6.57,,,,,6.18,,6.18,2015,6.18,World Health Organization,M,67
2018.Q2.G.01,VC_IHR_PSRC,"Number of victims of intentional homicide per 100,000 population (victims per 100,000 population)",208,9.326571283,56.03829721,DNK,Denmark,1,PER_100000_POP,"Per 100,000 population",0.76,0.82,0.84,0.85,1.29,0.98,0.98,0.988,2016,0.98,United Nations Survey on Crime Trends and Operations of Criminal Justice System,C,68
2018.Q2.G.01,VC_IHR_PSRC,"Number of victims of intentional homicide per 100,000 population (victims per 100,000 population)",212,-61.3493756,15.43391378,DMA,Dominica,1,PER_100000_POP,"Per 100,000 population",21,8.37,,,,,,,2011,8.37,Organzation of American States,C,69
2018.Q2.G.01,VC_IHR_PSRC,"Number of victims of intentional homicide per 100,000 population (victims per 100,000 population)",214,-70.49847576,18.89832088,DOM,Dominican Republic,1,PER_100000_POP,"Per 100,000 population",24.99,25.06,22.33,19.24,17.39,,15.18,18.535,2016,15.18,United Nations Survey on Crime Trends and Operations of Criminal Justice System,C,70
2018.Q2.G.01,VC_IHR_PSRC,"Number of victims of intentional homicide per 100,000 population (victims per 100,000 population)",218,-78.37005241,-1.447785891,ECU,Ecuador,1,PER_100000_POP,"Per 100,000 population",17.56,15.44,12.47,11.01,8.23,,,10.57,2014,8.23,United Nations Survey on Crime Trends and Operations of Criminal Justice System,C,71
2018.Q2.G.01,VC_IHR_PSRC,"Number of victims of intentional homicide per 100,000 population (victims per 100,000 population)",222,-88.86862995,13.73603564,SLV,El Salvador,1,PER_100000_POP,"Per 100,000 population",64.68,70.58,41.7,40.2,62.42,105.44,,62.44,2015,105.44,United Nations Survey on Crime Trends and Operations of Criminal Justice System,C,72
2018.Q2.G.01,VC_IHR_PSRC,"Number of victims of intentional homicide per 100,000 population (victims per 100,000 population)",226,10.46535826,1.565792376,GNQ,Equatorial Guinea,1,PER_100000_POP,"Per 100,000 population",2.59,,,,,2.31,,2.31,2015,2.31,World Health Organization,M,73
2018.Q2.G.01,VC_IHR_PSRC,"Number of victims of intentional homicide per 100,000 population (victims per 100,000 population)",231,39.63505296,8.631223181,ETH,Ethiopia,1,PER_100000_POP,"Per 100,000 population",8.46,,,,,7.56,,7.56,2015,7.56,World Health Organization,M,74
2018.Q2.G.01,VC_IHR_PSRC,"Number of victims of intentional homicide per 100,000 population (victims per 100,000 population)",232,38.11074289,16.12894644,ERI,Eritrea,1,PER_100000_POP,"Per 100,000 population",8.87,,,,,8.04,,8.04,2015,8.04,World Health Organization,M,75
2018.Q2.G.01,VC_IHR_PSRC,"Number of victims of intentional homicide per 100,000 population (victims per 100,000 population)",233,25.84093481,58.68487172,EST,Estonia,1,PER_100000_POP,"Per 100,000 population",5.25,4.89,4.75,3.93,3.11,3.19,,3.745,2015,3.19,United Nations Survey on Crime Trends and Operations of Criminal Justice System,C,76
2018.Q2.G.01,VC_IHR_PSRC,"Number of victims of intentional homicide per 100,000 population (victims per 100,000 population)",234,-7.122044325,62.21228119,FRO,Faroe Islands,1,PER_100000_POP,"Per 100,000 population",,,,,,,,,,,,,77
2018.Q2.G.01,VC_IHR_PSRC,"Number of victims of intentional homicide per 100,000 population (victims per 100,000 population)",238,-58.75246778,-51.74562601,FLK,Falkland Islands (Malvinas),1,PER_100000_POP,"Per 100,000 population",,,,,,,,,,,,,78
2018.Q2.G.01,VC_IHR_PSRC,"Number of victims of intentional homicide per 100,000 population (victims per 100,000 population)",239,-36.90662765,-54.20736749,SGS,South Georgia and the South Sandwich Islands,1,PER_100000_POP,"Per 100,000 population",,,,,,,,,,,,,79
2018.Q2.G.01,VC_IHR_PSRC,"Number of victims of intentional homicide per 100,000 population (victims per 100,000 population)",242,177.9660884,-17.83301566,FJI,Fiji,1,PER_100000_POP,"Per 100,000 population",2.33,2.31,2.29,2.16,2.26,,,2.236666667,2014,2.26,National Statistical Office,C,80
2018.Q2.G.01,VC_IHR_PSRC,"Number of victims of intentional homicide per 100,000 population (victims per 100,000 population)",246,23.308447,61.91586738,FIN,Finland,1,PER_100000_POP,"Per 100,000 population",2.22,2.04,1.63,1.64,1.61,1.5,1.42,1.56,2016,1.42,United Nations Survey on Crime Trends and Operations of Criminal Justice System,C,81
2018.Q2.G.01,VC_IHR_PSRC,"Number of victims of intentional homicide per 100,000 population (victims per 100,000 population)",248,19.80945969,60.1544901,ALA,Åland Islands,1,PER_100000_POP,"Per 100,000 population",,,,,,,,,,,,,82
2018.Q2.G.01,VC_IHR_PSRC,"Number of victims of intentional homicide per 100,000 population (victims per 100,000 population)",250,2.457288129,46.62660861,FRA,France,1,PER_100000_POP,"Per 100,000 population",1.26,1.35,1.23,1.22,1.23,1.58,1.35,1.322,2016,1.35,United Nations Survey on Crime Trends and Operations of Criminal Justice System,C,83
2018.Q2.G.01,VC_IHR_PSRC,"Number of victims of intentional homicide per 100,000 population (victims per 100,000 population)",254,-53.23619089,3.922673437,GUF,French Guiana,1,PER_100000_POP,"Per 100,000 population",,,,,,,,,,,,,84
2018.Q2.G.01,VC_IHR_PSRC,"Number of victims of intentional homicide per 100,000 population (victims per 100,000 population)",258,-149.4052367,-17.67709294,PYF,French Polynesia,1,PER_100000_POP,"Per 100,000 population",,,,,,,,,,,,,85
2018.Q2.G.01,VC_IHR_PSRC,"Number of victims of intentional homicide per 100,000 population (victims per 100,000 population)",260,69.64849091,-49.6068576,ATF,French Southern Territories,1,PER_100000_POP,"Per 100,000 population",,,,,,,,,,,,,86
2018.Q2.G.01,VC_IHR_PSRC,"Number of victims of intentional homicide per 100,000 population (victims per 100,000 population)",262,42.18274707,11.56004161,DJI,Djibouti,1,PER_100000_POP,"Per 100,000 population",7.42,,,,,6.48,,6.48,2015,6.48,World Health Organization,M,87
2018.Q2.G.01,VC_IHR_PSRC,"Number of victims of intentional homicide per 100,000 population (victims per 100,000 population)",266,11.78727747,-0.60687619,GAB,Gabon,1,PER_100000_POP,"Per 100,000 population",8.72,,,,,8.04,,8.04,2015,8.04,World Health Organization,M,88
2018.Q2.G.01,VC_IHR_PSRC,"Number of victims of intentional homicide per 100,000 population (victims per 100,000 population)",268,43.3713615,42.04813028,GEO,Georgia,1,PER_100000_POP,"Per 100,000 population",4.42,,2.36,2.6,2.1,2.23,2.49,2.356,2016,2.49,United Nations Survey on Crime Trends and Operations of Criminal Justice System,C,89
2018.Q2.G.01,VC_IHR_PSRC,"Number of victims of intentional homicide per 100,000 population (victims per 100,000 population)",270,-15.39944785,13.45295927,GMB,Gambia,1,PER_100000_POP,"Per 100,000 population",9.82,,,,,9.13,,9.13,2015,9.13,World Health Organization,M,90
2018.Q2.G.01,VC_IHR_PSRC,"Number of victims of intentional homicide per 100,000 population (victims per 100,000 population)",275,35.25694122,31.94347933,PSE,State of Palestine,1,PER_100000_POP,"Per 100,000 population",0.79,0.57,0.61,0.54,0.77,0.97,0.69,0.716,2016,0.69,United Nations Survey on Crime Trends and Operations of Criminal Justice System,C,91
2018.Q2.G.01,VC_IHR_PSRC,"Number of victims of intentional homicide per 100,000 population (victims per 100,000 population)",276,10.3806066,51.08862743,DEU,Germany,1,PER_100000_POP,"Per 100,000 population",0.98,0.91,0.81,0.84,0.88,0.83,1.18,0.908,2016,1.18,United Nations Survey on Crime Trends and Operations of Criminal Justice System,C,92
2018.Q2.G.01,VC_IHR_PSRC,"Number of victims of intentional homicide per 100,000 population (victims per 100,000 population)",288,-1.205623522,7.964825185,GHA,Ghana,1,PER_100000_POP,"Per 100,000 population",1.72,1.68,,,,,,,2011,1.68,Global Status Report on Violence Prevention,C,93
2018.Q2.G.01,VC_IHR_PSRC,"Number of victims of intentional homicide per 100,000 population (victims per 100,000 population)",292,-5.347561686,36.13895036,GIB,Gibraltar,1,PER_100000_POP,"Per 100,000 population",3.01,,,,,,,,2010,3.01,National Police,C,94
2018.Q2.G.01,VC_IHR_PSRC,"Number of victims of intentional homicide per 100,000 population (victims per 100,000 population)",296,-157.5643005,1.768837732,KIR,Kiribati,1,PER_100000_POP,"Per 100,000 population",3.9,10.51,7.5,,,,,7.5,2012,7.5,Global Status Report on Violence Prevention,C,95
2018.Q2.G.01,VC_IHR_PSRC,"Number of victims of intentional homicide per 100,000 population (victims per 100,000 population)",300,22.58307827,39.47301873,GRC,Greece,1,PER_100000_POP,"Per 100,000 population",1.54,1.61,1.46,1.35,0.95,0.83,0.75,1.068,2016,0.75,United Nations Survey on Crime Trends and Operations of Criminal Justice System,C,96
2018.Q2.G.01,VC_IHR_PSRC,"Number of victims of intentional homicide per 100,000 population (victims per 100,000 population)",304,-41.39371316,74.75625681,GRL,Greenland,1,PER_100000_POP,"Per 100,000 population",19.42,1.77,14.17,12.41,7.09,7.1,5.31,9.216,2016,5.31,National Statistical Office,C,97
2018.Q2.G.01,VC_IHR_PSRC,"Number of victims of intentional homicide per 100,000 population (victims per 100,000 population)",308,-61.68248568,12.11238395,GRD,Grenada,1,PER_100000_POP,"Per 100,000 population",9.55,3.81,13.27,5.67,7.52,5.62,10.25,8.466,2016,10.25,United Nations Survey on Crime Trends and Operations of Criminal Justice System,C,98
2018.Q2.G.01,VC_IHR_PSRC,"Number of victims of intentional homicide per 100,000 population (victims per 100,000 population)",312,-61.64762115,16.14416917,GLP,Guadeloupe,1,PER_100000_POP,"Per 100,000 population",,,,,,,,,,,,,99
2018.Q2.G.01,VC_IHR_PSRC,"Number of victims of intentional homicide per 100,000 population (victims per 100,000 population)",316,144.7029305,13.35485404,GUM,Guam,1,PER_100000_POP,"Per 100,000 population",1.88,2.51,,,,,,,2011,2.51,National Police,C,100
2018.Q2.G.01,VC_IHR_PSRC,"Number of victims of intentional homicide per 100,000 population (victims per 100,000 population)",320,-91.2312746,15.00273719,GTM,Guatemala,1,PER_100000_POP,"Per 100,000 population",40.74,38,33.76,33.68,31.39,32.83,32.05,32.742,2016,32.05,United Nations Survey on Crime Trends and Operations of Criminal Justice System,C,101
2018.Q2.G.01,VC_IHR_PSRC,"Number of victims of intentional homicide per 100,000 population (victims per 100,000 population)",324,-11.28173419,11.00210343,GIN,Guinea,1,PER_100000_POP,"Per 100,000 population",9.44,,,,,8.82,,8.82,2015,8.82,World Health Organization,M,102
2018.Q2.G.01,VC_IHR_PSRC,"Number of victims of intentional homicide per 100,000 population (victims per 100,000 population)",328,-58.97322037,4.788012784,GUY,Guyana,1,PER_100000_POP,"Per 100,000 population",18.75,17.35,18.46,20.45,19.52,19.39,18.37,19.238,2016,18.37,United Nations Survey on Crime Trends and Operations of Criminal Justice System,C,103
2018.Q2.G.01,VC_IHR_PSRC,"Number of victims of intentional homicide per 100,000 population (victims per 100,000 population)",332,-72.33640958,18.40426539,HTI,Haiti,1,PER_100000_POP,"Per 100,000 population",6.77,9.01,10.04,,,,,10.04,2012,10.04,United Nations Stabilization Mission in Haiti,C,104
2018.Q2.G.01,VC_IHR_PSRC,"Number of victims of intentional homicide per 100,000 population (victims per 100,000 population)",334,73.52633626,-53.09106147,HMD,Heard Island and McDonald Islands,1,PER_100000_POP,"Per 100,000 population",,,,,,,,,,,,,105
2018.Q2.G.01,VC_IHR_PSRC,"Number of victims of intentional homicide per 100,000 population (victims per 100,000 population)",336,12.45315803,41.90343751,VAT,Holy See,1,PER_100000_POP,"Per 100,000 population",0,0,0,0,0,0,,0,2015,0,United Nations Survey on Crime Trends and Operations of Criminal Justice System,C,106
2018.Q2.G.01,VC_IHR_PSRC,"Number of victims of intentional homicide per 100,000 population (victims per 100,000 population)",340,-86.59974381,14.82243161,HND,Honduras,1,PER_100000_POP,"Per 100,000 population",76.1,85.06,84.32,74.28,66.87,57.45,56.52,67.888,2016,56.52,United Nations Survey on Crime Trends and Operations of Criminal Justice System,C,107
2018.Q2.G.01,VC_IHR_PSRC,"Number of victims of intentional homicide per 100,000 population (victims per 100,000 population)",344,114.0266445,22.41749934,HKG,"China, Hong Kong Special Administrative Region",1,PER_100000_POP,"Per 100,000 population",0.5,0.24,0.38,0.87,0.38,0.3,0.38,0.462,2016,0.38,United Nations Survey on Crime Trends and Operations of Criminal Justice System,C,108
2018.Q2.G.01,VC_IHR_PSRC,"Number of victims of intentional homicide per 100,000 population (victims per 100,000 population)",348,19.41221519,47.1651448,HUN,Hungary,1,PER_100000_POP,"Per 100,000 population",1.39,1.46,1.26,1.56,1.49,2.26,2.07,1.728,2016,2.07,United Nations Survey on Crime Trends and Operations of Criminal Justice System,C,109
2018.Q2.G.01,VC_IHR_PSRC,"Number of victims of intentional homicide per 100,000 population (victims per 100,000 population)",352,-19.02116966,64.79134763,ISL,Iceland,1,PER_100000_POP,"Per 100,000 population",0.62,0.93,0.31,0.31,0.61,0,0.3,0.306,2016,0.3,United Nations Survey on Crime Trends and Operations of Criminal Justice System,C,110
2018.Q2.G.01,VC_IHR_PSRC,"Number of victims of intentional homicide per 100,000 population (victims per 100,000 population)",356,79.3608464,22.34642074,IND,India,1,PER_100000_POP,"Per 100,000 population",3.77,3.82,3.76,3.59,3.66,3.39,,3.6,2015,3.39,National Police,C,111
2018.Q2.G.01,VC_IHR_PSRC,"Number of victims of intentional homicide per 100,000 population (victims per 100,000 population)",360,113.9174,-0.994582204,IDN,Indonesia,1,PER_100000_POP,"Per 100,000 population",0.44,0.6,0.59,0.55,0.5,,,0.546666667,2014,0.5,United Nations Survey on Crime Trends and Operations of Criminal Justice System,C,112
2018.Q2.G.01,VC_IHR_PSRC,"Number of victims of intentional homicide per 100,000 population (victims per 100,000 population)",364,54.19766348,32.74370885,IRN,Iran (Islamic Republic of),1,PER_100000_POP,"Per 100,000 population",,,,2.63,2.47,,,2.55,2014,2.47,United Nations Survey on Crime Trends and Operations of Criminal Justice System,M,113
2018.Q2.G.01,VC_IHR_PSRC,"Number of victims of intentional homicide per 100,000 population (victims per 100,000 population)",368,43.76606267,33.05013795,IRQ,Iraq,1,PER_100000_POP,"Per 100,000 population",9.71,9.28,9.24,11.11,10.08,,,10.14333333,2014,10.08,National Statistical Office,C,114
2018.Q2.G.01,VC_IHR_PSRC,"Number of victims of intentional homicide per 100,000 population (victims per 100,000 population)",372,-7.121425272,53.25274054,IRL,Ireland,1,PER_100000_POP,"Per 100,000 population",1.15,0.9,1.13,1.11,1.11,0.62,0.8,0.954,2016,0.8,National Statistical Office,C,115
2018.Q2.G.01,VC_IHR_PSRC,"Number of victims of intentional homicide per 100,000 population (victims per 100,000 population)",376,34.62277992,31.06164552,ISR,Israel,1,PER_100000_POP,"Per 100,000 population",1.95,2,1.74,,1.49,1.36,,1.53,2015,1.36,National Statistical Office,C,116
2018.Q2.G.01,VC_IHR_PSRC,"Number of victims of intentional homicide per 100,000 population (victims per 100,000 population)",380,12.57022427,42.79917282,ITA,Italy,1,PER_100000_POP,"Per 100,000 population",0.89,0.92,0.89,0.84,0.8,0.79,,0.83,2015,0.79,United Nations Survey on Crime Trends and Operations of Criminal Justice System,C,117
2018.Q2.G.01,VC_IHR_PSRC,"Number of victims of intentional homicide per 100,000 population (victims per 100,000 population)",384,-5.552690016,7.62211586,CIV,Côte d'Ivoire,1,PER_100000_POP,"Per 100,000 population",12.63,,,,,11.63,,11.63,2015,11.63,World Health Organization,M,118
2018.Q2.G.01,VC_IHR_PSRC,"Number of victims of intentional homicide per 100,000 population (victims per 100,000 population)",388,-77.31068409,18.15616857,JAM,Jamaica,1,PER_100000_POP,"Per 100,000 population",51.36,40.04,38.68,42.11,35.11,42.06,47.01,40.994,2016,47.01,United Nations Survey on Crime Trends and Operations of Criminal Justice System,C,119
2018.Q2.G.01,VC_IHR_PSRC,"Number of victims of intentional homicide per 100,000 population (victims per 100,000 population)",392,139.2716103,36.6554539,JPN,Japan,1,PER_100000_POP,"Per 100,000 population",0.36,0.34,0.33,0.29,0.31,0.28,0.28,0.298,2016,0.28,United Nations Survey on Crime Trends and Operations of Criminal Justice System,C,120
2018.Q2.G.01,VC_IHR_PSRC,"Number of victims of intentional homicide per 100,000 population (victims per 100,000 population)",398,66.65359159,48.01963494,KAZ,Kazakhstan,1,PER_100000_POP,"Per 100,000 population",8.46,8.53,7.48,6.51,5.17,4.81,,5.9925,2015,4.81,United Nations Survey on Crime Trends and Operations of Criminal Justice System,C,121
2018.Q2.G.01,VC_IHR_PSRC,"Number of victims of intentional homicide per 100,000 population (victims per 100,000 population)",400,37.13024774,30.65365973,JOR,Jordan,1,PER_100000_POP,"Per 100,000 population",1.62,1.86,2.01,1.71,2,1.74,1.55,1.802,2016,1.55,United Nations Survey on Crime Trends and Operations of Criminal Justice System,C,122
2018.Q2.G.01,VC_IHR_PSRC,"Number of victims of intentional homicide per 100,000 population (victims per 100,000 population)",404,37.86096816,0.534797278,KEN,Kenya,1,PER_100000_POP,"Per 100,000 population",5.41,6.22,6.33,6.42,5.76,5.61,,6.03,2015,5.61,United Nations Survey on Crime Trends and Operations of Criminal Justice System,C,123
2018.Q2.G.01,VC_IHR_PSRC,"Number of victims of intentional homicide per 100,000 population (victims per 100,000 population)",408,127.1803633,40.1462645,PRK,Democratic People's Republic of Korea,1,PER_100000_POP,"Per 100,000 population",4.79,,,,,4.4,,4.4,2015,4.4,World Health Organization,M,124
2018.Q2.G.01,VC_IHR_PSRC,"Number of victims of intentional homicide per 100,000 population (victims per 100,000 population)",410,127.8610254,36.45201023,KOR,Republic of Korea,1,PER_100000_POP,"Per 100,000 population",,0.86,0.82,0.68,0.74,0.72,,0.74,2015,0.72,United Nations Survey on Crime Trends and Operations of Criminal Justice System,C,125
2018.Q2.G.01,VC_IHR_PSRC,"Number of victims of intentional homicide per 100,000 population (victims per 100,000 population)",414,47.49305029,29.53949468,KWT,Kuwait,1,PER_100000_POP,"Per 100,000 population",2,1.85,1.8,,,,,1.8,2012,1.8,United Nations Survey on Crime Trends and Operations of Criminal Justice System,C,126
2018.Q2.G.01,VC_IHR_PSRC,"Number of victims of intentional homicide per 100,000 population (victims per 100,000 population)",417,74.52324839,41.46204516,KGZ,Kyrgyzstan,1,PER_100000_POP,"Per 100,000 population",19.77,8.97,5.38,3.62,3.74,5.18,4.49,4.482,2016,4.49,United Nations Survey on Crime Trends and Operations of Criminal Justice System,C,127
2018.Q2.G.01,VC_IHR_PSRC,"Number of victims of intentional homicide per 100,000 population (victims per 100,000 population)",418,101.9901968,20.27482773,LAO,Lao People's Democratic Republic,1,PER_100000_POP,"Per 100,000 population",8.04,,,,,7.01,,7.01,2015,7.01,World Health Organization,M,128
2018.Q2.G.01,VC_IHR_PSRC,"Number of victims of intentional homicide per 100,000 population (victims per 100,000 population)",422,35.89391711,33.92152458,LBN,Lebanon,1,PER_100000_POP,"Per 100,000 population",3.76,3.66,3.95,4.47,4.28,3.95,3.99,4.128,2016,3.99,United Nations Survey on Crime Trends and Operations of Criminal Justice System,C,129
2018.Q2.G.01,VC_IHR_PSRC,"Number of victims of intentional homicide per 100,000 population (victims per 100,000 population)",426,28.25362195,-29.58041814,LSO,Lesotho,1,PER_100000_POP,"Per 100,000 population",37.44,34.49,30.67,31.08,,41.25,,34.33333333,2015,41.25,United Nations Survey on Crime Trends and Operations of Criminal Justice System,C,130
2018.Q2.G.01,VC_IHR_PSRC,"Number of victims of intentional homicide per 100,000 population (victims per 100,000 population)",428,26.42461876,56.64196636,LVA,Latvia,1,PER_100000_POP,"Per 100,000 population",3.3,3.3,3.39,2.45,3.17,3.36,,3.0925,2015,3.36,United Nations Survey on Crime Trends and Operations of Criminal Justice System,C,131
2018.Q2.G.01,VC_IHR_PSRC,"Number of victims of intentional homicide per 100,000 population (victims per 100,000 population)",430,-9.311879038,6.448381009,LBR,Liberia,1,PER_100000_POP,"Per 100,000 population",3.27,3.96,3.23,,,,,3.23,2012,3.23,United Nations Peacekeeping Operation,C,132
2018.Q2.G.01,VC_IHR_PSRC,"Number of victims of intentional homicide per 100,000 population (victims per 100,000 population)",434,18.0295985,27.04042819,LBY,Libya,1,PER_100000_POP,"Per 100,000 population",3.11,,,,,2.5,,2.5,2015,2.5,World Health Organization,M,133
2018.Q2.G.01,VC_IHR_PSRC,"Number of victims of intentional homicide per 100,000 population (victims per 100,000 population)",438,9.552985019,47.14167005,LIE,Liechtenstein,1,PER_100000_POP,"Per 100,000 population",2.78,0,0,0,2.69,0,0,0.538,2016,0,United Nations Survey on Crime Trends and Operations of Criminal Justice System,C,2
2018.Q2.G.01,VC_IHR_PSRC,"Number of victims of intentional homicide per 100,000 population (victims per 100,000 population)",440,23.90517807,55.33680309,LTU,Lithuania,1,PER_100000_POP,"Per 100,000 population",7.01,6.85,6.65,6.61,5.37,5.87,5.25,5.95,2016,5.25,United Nations Survey on Crime Trends and Operations of Criminal Justice System,C,4
2018.Q2.G.01,VC_IHR_PSRC,"Number of victims of intentional homicide per 100,000 population (victims per 100,000 population)",442,6.092656563,49.77679538,LUX,Luxembourg,1,PER_100000_POP,"Per 100,000 population",1.97,0.77,0,0.18,0.72,,,0.3,2014,0.72,United Nations Survey on Crime Trends and Operations of Criminal Justice System,C,6
2018.Q2.G.01,VC_IHR_PSRC,"Number of victims of intentional homicide per 100,000 population (victims per 100,000 population)",446,113.5665388,22.1237259,MAC,"China, Macao Special Administrative Region",1,PER_100000_POP,"Per 100,000 population",0.37,0.73,0.71,0.17,0,0.17,0.16,0.242,2016,0.16,National Police,C,7
2018.Q2.G.01,VC_IHR_PSRC,"Number of victims of intentional homicide per 100,000 population (victims per 100,000 population)",450,46.6982339,-19.38514785,MDG,Madagascar,1,PER_100000_POP,"Per 100,000 population",9.18,,,,,7.69,,7.69,2015,7.69,World Health Organization,M,10
2018.Q2.G.01,VC_IHR_PSRC,"Number of victims of intentional homicide per 100,000 population (victims per 100,000 population)",454,33.4884625,-13.40819859,MWI,Malawi,1,PER_100000_POP,"Per 100,000 population",3.43,2.19,1.73,,,,,1.73,2012,1.73,National Police,C,11
2018.Q2.G.01,VC_IHR_PSRC,"Number of victims of intentional homicide per 100,000 population (victims per 100,000 population)",458,116.8346314,5.452415309,MYS,Malaysia,1,PER_100000_POP,"Per 100,000 population",1.92,1.85,2.06,2.11,,,,2.085,2013,2.11,World Health Organization,C,14
2018.Q2.G.01,VC_IHR_PSRC,"Number of victims of intentional homicide per 100,000 population (victims per 100,000 population)",462,73.09672546,-0.614385021,MDV,Maldives,1,PER_100000_POP,"Per 100,000 population",1.65,0.8,2.59,0.75,,,,1.67,2013,0.75,United Nations Survey on Crime Trends and Operations of Criminal Justice System,C,15
2018.Q2.G.01,VC_IHR_PSRC,"Number of victims of intentional homicide per 100,000 population (victims per 100,000 population)",466,-3.522016039,17.35311254,MLI,Mali,1,PER_100000_POP,"Per 100,000 population",12.18,,,,,10.9,,10.9,2015,10.9,World Health Organization,M,39
2018.Q2.G.01,VC_IHR_PSRC,"Number of victims of intentional homicide per 100,000 population (victims per 100,000 population)",470,14.44617519,35.89194275,MLT,Malta,1,PER_100000_POP,"Per 100,000 population",0.96,0.72,2.85,1.65,1.41,0.94,,1.7125,2015,0.94,United Nations Survey on Crime Trends and Operations of Criminal Justice System,C,134
2018.Q2.G.01,VC_IHR_PSRC,"Number of victims of intentional homicide per 100,000 population (victims per 100,000 population)",474,-60.91544135,14.56086108,MTQ,Martinique,1,PER_100000_POP,"Per 100,000 population",,,,,,,,,,,,,135
2018.Q2.G.01,VC_IHR_PSRC,"Number of victims of intentional homicide per 100,000 population (victims per 100,000 population)",478,-10.33187259,20.26089546,MRT,Mauritania,1,PER_100000_POP,"Per 100,000 population",10.87,,,,,9.94,,9.94,2015,9.94,World Health Organization,M,136
2018.Q2.G.01,VC_IHR_PSRC,"Number of victims of intentional homicide per 100,000 population (victims per 100,000 population)",480,57.568022,-20.28581998,MUS,Mauritius,1,PER_100000_POP,"Per 100,000 population",2.64,2.72,2.31,2.79,1.51,1.67,1.82,2.02,2016,1.82,United Nations Survey on Crime Trends and Operations of Criminal Justice System,C,137
2018.Q2.G.01,VC_IHR_PSRC,"Number of victims of intentional homicide per 100,000 population (victims per 100,000 population)",484,-102.5148166,23.93378032,MEX,Mexico,1,PER_100000_POP,"Per 100,000 population",21.95,22.85,21.49,18.82,16.11,16.49,19.26,18.434,2016,19.26,National Statistical Office,C,138
2018.Q2.G.01,VC_IHR_PSRC,"Number of victims of intentional homicide per 100,000 population (victims per 100,000 population)",492,7.424214814,43.73532918,MCO,Monaco,1,PER_100000_POP,"Per 100,000 population",0,0,0,0,,0,,0,2015,0,United Nations Survey on Crime Trends and Operations of Criminal Justice System,C,139
2018.Q2.G.01,VC_IHR_PSRC,"Number of victims of intentional homicide per 100,000 population (victims per 100,000 population)",496,103.0728057,46.83892054,MNG,Mongolia,1,PER_100000_POP,"Per 100,000 population",8.81,9.63,7.07,7.15,7.28,6.18,5.66,6.668,2016,5.66,United Nations Survey on Crime Trends and Operations of Criminal Justice System,C,140
2018.Q2.G.01,VC_IHR_PSRC,"Number of victims of intentional homicide per 100,000 population (victims per 100,000 population)",498,28.4650624,47.20236795,MDA,Republic of Moldova,1,PER_100000_POP,"Per 100,000 population",6.54,7.46,5.62,4.15,3.19,,,4.32,2014,3.19,United Nations Survey on Crime Trends and Operations of Criminal Justice System,C,141
2018.Q2.G.01,VC_IHR_PSRC,"Number of victims of intentional homicide per 100,000 population (victims per 100,000 population)",499,19.25214024,42.78717043,MNE,Montenegro,1,PER_100000_POP,"Per 100,000 population",2.4,3.36,2.71,1.59,3.19,2.71,4.46,2.932,2016,4.46,United Nations Survey on Crime Trends and Operations of Criminal Justice System,C,142
2018.Q2.G.01,VC_IHR_PSRC,"Number of victims of intentional homicide per 100,000 population (victims per 100,000 population)",500,-62.19261223,16.73558313,MSR,Montserrat,1,PER_100000_POP,"Per 100,000 population",,,19.88,,,,,19.88,2012,19.88,World Health Organization,C,143
2018.Q2.G.01,VC_IHR_PSRC,"Number of victims of intentional homicide per 100,000 population (victims per 100,000 population)",504,-6.281942841,31.8440131,MAR,Morocco,1,PER_100000_POP,"Per 100,000 population",1.39,1.34,1.15,1.27,1.03,1.24,,1.1725,2015,1.24,United Nations Survey on Crime Trends and Operations of Criminal Justice System,C,144
2018.Q2.G.01,VC_IHR_PSRC,"Number of victims of intentional homicide per 100,000 population (victims per 100,000 population)",508,38.18479941,-14.27963886,MOZ,Mozambique,1,PER_100000_POP,"Per 100,000 population",3.61,3.4,,,,,,,2011,3.4,Global Status Report on Violence Prevention,C,145
2018.Q2.G.01,VC_IHR_PSRC,"Number of victims of intentional homicide per 100,000 population (victims per 100,000 population)",512,57.87743482,21.98805614,OMN,Oman,1,PER_100000_POP,"Per 100,000 population",1.58,1.05,1.13,2.61,0.66,,,1.466666667,2014,0.66,National Statistical Office,C,146
2018.Q2.G.01,VC_IHR_PSRC,"Number of victims of intentional homicide per 100,000 population (victims per 100,000 population)",516,17.21907885,-22.13817068,NAM,Namibia,1,PER_100000_POP,"Per 100,000 population",14.45,13.9,17.14,,,,,17.14,2012,17.14,National Police,C,147
2018.Q2.G.01,VC_IHR_PSRC,"Number of victims of intentional homicide per 100,000 population (victims per 100,000 population)",520,166.92313,-0.528742623,NRU,Nauru,1,PER_100000_POP,"Per 100,000 population",,,0,,,,,0,2012,0,World Health Organization,M,148
2018.Q2.G.01,VC_IHR_PSRC,"Number of victims of intentional homicide per 100,000 population (victims per 100,000 population)",524,83.94678863,28.25866332,NPL,Nepal,1,PER_100000_POP,"Per 100,000 population",3.01,2.48,2.32,2.17,1.97,,,2.153333333,2014,1.97,National Statistical Office,C,149
2018.Q2.G.01,VC_IHR_PSRC,"Number of victims of intentional homicide per 100,000 population (victims per 100,000 population)",528,5.331480568,51.86728884,NLD,Netherlands,1,PER_100000_POP,"Per 100,000 population",0.86,0.85,0.86,0.74,0.73,0.61,,0.735,2015,0.61,National Statistical Office,C,150
2018.Q2.G.01,VC_IHR_PSRC,"Number of victims of intentional homicide per 100,000 population (victims per 100,000 population)",530,-68.30676179,12.22720635,ANT,Netherlands Antilles,1,PER_100000_POP,"Per 100,000 population",,,,,,,,,,,,,151
2018.Q2.G.01,VC_IHR_PSRC,"Number of victims of intentional homicide per 100,000 population (victims per 100,000 population)",531,-68.95033464,12.15058042,CUW,Curaçao,1,PER_100000_POP,"Per 100,000 population",,,,,,,,,,,,,152
2018.Q2.G.01,VC_IHR_PSRC,"Number of victims of intentional homicide per 100,000 population (victims per 100,000 population)",533,-69.97050586,12.50878756,ABW,Aruba,1,PER_100000_POP,"Per 100,000 population",3.93,1.96,3.9,5.81,1.93,,,3.88,2014,1.93,World Health Organization,C,153
2018.Q2.G.01,VC_IHR_PSRC,"Number of victims of intentional homicide per 100,000 population (victims per 100,000 population)",534,-63.06198692,18.03926508,SXM,Sint Maarten (Dutch part),1,PER_100000_POP,"Per 100,000 population",,,,,,,,,,,,,154
2018.Q2.G.01,VC_IHR_PSRC,"Number of victims of intentional homicide per 100,000 population (victims per 100,000 population)",540,165.5067368,-21.41742531,NCL,New Caledonia,1,PER_100000_POP,"Per 100,000 population",,,,,,,,,,,,,155
2018.Q2.G.01,VC_IHR_PSRC,"Number of victims of intentional homicide per 100,000 population (victims per 100,000 population)",548,167.0679779,-15.34445547,VUT,Vanuatu,1,PER_100000_POP,"Per 100,000 population",2.31,,,,,2.13,,2.13,2015,2.13,World Health Organization,M,156
2018.Q2.G.01,VC_IHR_PSRC,"Number of victims of intentional homicide per 100,000 population (victims per 100,000 population)",554,170.4755673,-43.98721568,NZL,New Zealand,1,PER_100000_POP,"Per 100,000 population",0.98,0.88,0.92,1.02,0.99,,,0.976666667,2014,0.99,United Nations Survey on Crime Trends and Operations of Criminal Justice System,C,157
2018.Q2.G.01,VC_IHR_PSRC,"Number of victims of intentional homicide per 100,000 population (victims per 100,000 population)",558,-85.03060315,12.84210839,NIC,Nicaragua,1,PER_100000_POP,"Per 100,000 population",13.68,12.71,11.45,9.99,8.73,8.62,,9.6975,2015,8.62,National Police,C,158
2018.Q2.G.01,VC_IHR_PSRC,"Number of victims of intentional homicide per 100,000 population (victims per 100,000 population)",562,9.400167877,17.42143036,NER,Niger,1,PER_100000_POP,"Per 100,000 population",,4.87,4.44,,,,,4.44,2012,4.44,Global Status Report on Violence Prevention,C,159
2018.Q2.G.01,VC_IHR_PSRC,"Number of victims of intentional homicide per 100,000 population (victims per 100,000 population)",566,8.097363256,9.585789025,NGA,Nigeria,1,PER_100000_POP,"Per 100,000 population",10.72,,,,,9.85,,9.85,2015,9.85,World Health Organization,M,160
2018.Q2.G.01,VC_IHR_PSRC,"Number of victims of intentional homicide per 100,000 population (victims per 100,000 population)",570,-169.8601693,-19.05000475,NIU,Niue,1,PER_100000_POP,"Per 100,000 population",,,0,,,,,0,2012,0,World Health Organization,M,161
2018.Q2.G.01,VC_IHR_PSRC,"Number of victims of intentional homicide per 100,000 population (victims per 100,000 population)",574,167.9515548,-29.03230018,NFK,Norfolk Island,1,PER_100000_POP,"Per 100,000 population",,,,,,,,,,,,,162
2018.Q2.G.01,VC_IHR_PSRC,"Number of victims of intentional homicide per 100,000 population (victims per 100,000 population)",578,11.47846389,61.34311134,NOR,Norway,1,PER_100000_POP,"Per 100,000 population",0.59,2.24,0.54,0.91,0.56,0.46,0.51,0.596,2016,0.51,United Nations Survey on Crime Trends and Operations of Criminal Justice System,C,163
2018.Q2.G.01,VC_IHR_PSRC,"Number of victims of intentional homicide per 100,000 population (victims per 100,000 population)",580,145.7582114,15.19099517,MNP,Northern Mariana Islands,1,PER_100000_POP,"Per 100,000 population",,,,,,,,,,,,,164
2018.Q2.G.01,VC_IHR_PSRC,"Number of victims of intentional homicide per 100,000 population (victims per 100,000 population)",581,-162.4343752,5.874443968,UMI,US Minor Outlying Islands,1,PER_100000_POP,"Per 100,000 population",,,,,,,,,,,,,165
2018.Q2.G.01,VC_IHR_PSRC,"Number of victims of intentional homicide per 100,000 population (victims per 100,000 population)",583,158.225216,6.880670092,FSM,"Micronesia, Federated States of",1,PER_100000_POP,"Per 100,000 population",4.49,,,,,4.67,,4.67,2015,4.67,World Health Organization,M,166
2018.Q2.G.01,VC_IHR_PSRC,"Number of victims of intentional homicide per 100,000 population (victims per 100,000 population)",584,171.0839119,7.110213497,MHL,Marshall Islands,1,PER_100000_POP,"Per 100,000 population",,,,,,,,,,,,,167
2018.Q2.G.01,VC_IHR_PSRC,"Number of victims of intentional homicide per 100,000 population (victims per 100,000 population)",585,134.5733878,7.502307591,PLW,Palau,1,PER_100000_POP,"Per 100,000 population",,,3.11,,,,,3.11,2012,3.11,World Health Organization,M,168
2018.Q2.G.01,VC_IHR_PSRC,"Number of victims of intentional homicide per 100,000 population (victims per 100,000 population)",586,68.80479684,29.36491634,PAK,Pakistan,1,PER_100000_POP,"Per 100,000 population",7.73,7.96,7.78,7.67,7.16,5.01,4.41,6.406,2016,4.41,National Statistical Office,C,169
2018.Q2.G.01,VC_IHR_PSRC,"Number of victims of intentional homicide per 100,000 population (victims per 100,000 population)",591,-81.26616623,8.450965746,PAN,Panama,1,PER_100000_POP,"Per 100,000 population",19.68,19.42,16.88,17.27,15.5,,,16.55,2014,15.5,United Nations Survey on Crime Trends and Operations of Criminal Justice System,C,170
2018.Q2.G.01,VC_IHR_PSRC,"Number of victims of intentional homicide per 100,000 population (victims per 100,000 population)",598,145.8587761,-6.756057077,PNG,Papua New Guinea,1,PER_100000_POP,"Per 100,000 population",,,,,,,,,,,,,171
2018.Q2.G.01,VC_IHR_PSRC,"Number of victims of intentional homicide per 100,000 population (victims per 100,000 population)",600,-60.54854225,-21.70216237,PRY,Paraguay,1,PER_100000_POP,"Per 100,000 population",11.93,10.44,10.17,9.34,8.82,9.29,,9.405,2015,9.29,United Nations Survey on Crime Trends and Operations of Criminal Justice System,C,172
2018.Q2.G.01,VC_IHR_PSRC,"Number of victims of intentional homicide per 100,000 population (victims per 100,000 population)",604,-71.82093277,-13.58939705,PER,Peru,1,PER_100000_POP,"Per 100,000 population",,5.43,6.53,6.59,6.7,7.16,7.67,6.93,2016,7.67,National Statistical Office,C,173
2018.Q2.G.01,VC_IHR_PSRC,"Number of victims of intentional homicide per 100,000 population (victims per 100,000 population)",608,120.8601418,14.16591706,PHL,Philippines,1,PER_100000_POP,"Per 100,000 population",9.49,9.1,8.76,9.29,9.75,9.48,11.02,9.66,2016,11.02,United Nations Survey on Crime Trends and Operations of Criminal Justice System,C,174
2018.Q2.G.01,VC_IHR_PSRC,"Number of victims of intentional homicide per 100,000 population (victims per 100,000 population)",612,-128.3225873,-24.37538456,PCN,Pitcairn,1,PER_100000_POP,"Per 100,000 population",,,,,,,,,,,,,175
2018.Q2.G.01,VC_IHR_PSRC,"Number of victims of intentional homicide per 100,000 population (victims per 100,000 population)",616,19.40660158,52.1226733,POL,Poland,1,PER_100000_POP,"Per 100,000 population",1.14,1.17,0.98,0.78,0.74,0.75,0.68,0.786,2016,0.68,United Nations Survey on Crime Trends and Operations of Criminal Justice System,C,176
2018.Q2.G.01,VC_IHR_PSRC,"Number of victims of intentional homicide per 100,000 population (victims per 100,000 population)",620,-7.961599811,39.68509315,PRT,Portugal,1,PER_100000_POP,"Per 100,000 population",1.16,1.07,1.15,1.37,0.88,0.96,,1.09,2015,0.96,United Nations Survey on Crime Trends and Operations of Criminal Justice System,C,177
2018.Q2.G.01,VC_IHR_PSRC,"Number of victims of intentional homicide per 100,000 population (victims per 100,000 population)",624,-14.40182514,12.11760394,GNB,Guinea-Bissau,1,PER_100000_POP,"Per 100,000 population",10.47,,,,,9.55,,9.55,2015,9.55,World Health Organization,M,178
2018.Q2.G.01,VC_IHR_PSRC,"Number of victims of intentional homicide per 100,000 population (victims per 100,000 population)",626,125.9451052,-8.797497247,TLS,Timor-Leste,1,PER_100000_POP,"Per 100,000 population",3.51,,,,,3.95,,3.95,2015,3.95,National Statistical Office,C,179
2018.Q2.G.01,VC_IHR_PSRC,"Number of victims of intentional homicide per 100,000 population (victims per 100,000 population)",630,-66.47591017,18.22753799,PRI,Puerto Rico,1,PER_100000_POP,"Per 100,000 population",27.36,31.4,27.15,24.45,19.02,16.85,18.51,21.196,2016,18.51,National Police,C,180
2018.Q2.G.01,VC_IHR_PSRC,"Number of victims of intentional homicide per 100,000 population (victims per 100,000 population)",634,51.19152467,25.28355379,QAT,Qatar,1,PER_100000_POP,"Per 100,000 population",0.22,0.2,0.33,0.4,0.38,,,0.37,2014,0.38,World Health Organization,M,181
2018.Q2.G.01,VC_IHR_PSRC,"Number of victims of intentional homicide per 100,000 population (victims per 100,000 population)",638,55.53171398,-21.13183266,REU,Réunion,1,PER_100000_POP,"Per 100,000 population",,,,,,,,,,,,,182
2018.Q2.G.01,VC_IHR_PSRC,"Number of victims of intentional homicide per 100,000 population (victims per 100,000 population)",642,24.98481009,45.83893563,ROU,Romania,1,PER_100000_POP,"Per 100,000 population",1.98,1.65,1.87,1.67,1.49,1.46,,1.6225,2015,1.46,United Nations Survey on Crime Trends and Operations of Criminal Justice System,C,183
2018.Q2.G.01,VC_IHR_PSRC,"Number of victims of intentional homicide per 100,000 population (victims per 100,000 population)",643,99.01404926,61.61899849,RUS,Russian Federation,1,PER_100000_POP,"Per 100,000 population",,,14.5,14.01,14.28,13.3,,14.0225,2015,13.3,United Nations Survey on Crime Trends and Operations of Criminal Justice System,C,184
2018.Q2.G.01,VC_IHR_PSRC,"Number of victims of intentional homicide per 100,000 population (victims per 100,000 population)",646,29.92310194,-1.999842114,RWA,Rwanda,1,PER_100000_POP,"Per 100,000 population",2.84,,2.37,3.24,3.77,2.52,,2.975,2015,2.52,National Statistical Office,C,185
2018.Q2.G.01,VC_IHR_PSRC,"Number of victims of intentional homicide per 100,000 population (victims per 100,000 population)",652,-62.83173536,17.89513362,BLM,Saint Barthélemy,1,PER_100000_POP,"Per 100,000 population",,,,,,,,,,,,,186
2018.Q2.G.01,VC_IHR_PSRC,"Number of victims of intentional homicide per 100,000 population (victims per 100,000 population)",654,-5.705752501,-15.96503946,SHN,Saint Helena,1,PER_100000_POP,"Per 100,000 population",,,,,,,,,,,,,187
2018.Q2.G.01,VC_IHR_PSRC,"Number of victims of intentional homicide per 100,000 population (victims per 100,000 population)",659,-62.76628613,17.33994219,KNA,Saint Kitts and Nevis,1,PER_100000_POP,"Per 100,000 population",40.82,65.38,34.23,,,,,34.23,2012,34.23,Organzation of American States,C,188
2018.Q2.G.01,VC_IHR_PSRC,"Number of victims of intentional homicide per 100,000 population (victims per 100,000 population)",660,-63.05651612,18.21525315,AIA,Anguilla,1,PER_100000_POP,"Per 100,000 population",0,0,35.39,6.99,27.66,,,23.34666667,2014,27.66,National Statistical Office,C,189
2018.Q2.G.01,VC_IHR_PSRC,"Number of victims of intentional homicide per 100,000 population (victims per 100,000 population)",662,-60.96529553,13.89405601,LCA,Saint Lucia,1,PER_100000_POP,"Per 100,000 population",25.5,26.46,22.31,18.79,19.27,,,20.12333333,2014,19.27,Organzation of American States,C,190
2018.Q2.G.01,VC_IHR_PSRC,"Number of victims of intentional homicide per 100,000 population (victims per 100,000 population)",663,-63.04505461,18.0882685,MAF,Saint Martin (French Part),1,PER_100000_POP,"Per 100,000 population",,,,,,,,,,,,,191
2018.Q2.G.01,VC_IHR_PSRC,"Number of victims of intentional homicide per 100,000 population (victims per 100,000 population)",666,-56.33682442,46.85812735,SPM,Saint Pierre and Miquelon,1,PER_100000_POP,"Per 100,000 population",,,,,,,,,,,,,192
2018.Q2.G.01,VC_IHR_PSRC,"Number of victims of intentional homicide per 100,000 population (victims per 100,000 population)",670,-61.19024321,13.24627968,VCT,Saint Vincent and the Grenadines,1,PER_100000_POP,"Per 100,000 population",22.87,19.21,25.61,,,,36.46,31.035,2016,36.46,United Nations Survey on Crime Trends and Operations of Criminal Justice System,C,193
2018.Q2.G.01,VC_IHR_PSRC,"Number of victims of intentional homicide per 100,000 population (victims per 100,000 population)",674,12.46329038,43.93841766,SMR,San Marino,1,PER_100000_POP,"Per 100,000 population",0,0,,,,,,,2011,0,Global Status Report on Violence Prevention,C,194
2018.Q2.G.01,VC_IHR_PSRC,"Number of victims of intentional homicide per 100,000 population (victims per 100,000 population)",678,6.609772265,0.241554875,STP,Sao Tome and Principe,1,PER_100000_POP,"Per 100,000 population",3.43,3.36,,,,,,,2011,3.36,United Nations Survey on Crime Trends and Operations of Criminal Justice System,C,195
2018.Q2.G.01,VC_IHR_PSRC,"Number of victims of intentional homicide per 100,000 population (victims per 100,000 population)",682,44.54763347,24.12594211,SAU,Saudi Arabia,1,PER_100000_POP,"Per 100,000 population",,,,,,1.5,,1.5,2015,1.5,United Nations Survey on Crime Trends and Operations of Criminal Justice System,C,196
2018.Q2.G.01,VC_IHR_PSRC,"Number of victims of intentional homicide per 100,000 population (victims per 100,000 population)",686,-14.46636926,14.35920905,SEN,Senegal,1,PER_100000_POP,"Per 100,000 population",8.51,,,,,7.38,,7.38,2015,7.38,World Health Organization,M,197
2018.Q2.G.01,VC_IHR_PSRC,"Number of victims of intentional homicide per 100,000 population (victims per 100,000 population)",688,20.805876,44.03145697,SRB,Serbia,1,PER_100000_POP,"Per 100,000 population",1.44,1.5,1.24,1.59,1.35,1.17,1.39,1.348,2016,1.39,United Nations Survey on Crime Trends and Operations of Criminal Justice System,C,198
2018.Q2.G.01,VC_IHR_PSRC,"Number of victims of intentional homicide per 100,000 population (victims per 100,000 population)",690,55.46561591,-4.678053059,SYC,Seychelles,1,PER_100000_POP,"Per 100,000 population",9.85,17.42,4.33,19.4,17.16,7.47,12.74,12.22,2016,12.74,National Statistical Office,C,199
2018.Q2.G.01,VC_IHR_PSRC,"Number of victims of intentional homicide per 100,000 population (victims per 100,000 population)",694,-11.78306584,8.568604164,SLE,Sierra Leone,1,PER_100000_POP,"Per 100,000 population",2.52,2.83,1.67,,,1.71,,1.69,2015,1.71,National Police,C,200
2018.Q2.G.01,VC_IHR_PSRC,"Number of victims of intentional homicide per 100,000 population (victims per 100,000 population)",702,103.8107883,1.361009155,SGP,Singapore,1,PER_100000_POP,"Per 100,000 population",0.37,0.31,0.21,0.32,0.26,0.25,,0.26,2015,0.25,United Nations Survey on Crime Trends and Operations of Criminal Justice System,C,201
2018.Q2.G.01,VC_IHR_PSRC,"Number of victims of intentional homicide per 100,000 population (victims per 100,000 population)",703,19.48495604,48.70741446,SVK,Slovakia,1,PER_100000_POP,"Per 100,000 population",1.52,1.63,1.16,1.31,1.27,0.81,1.05,1.12,2016,1.05,United Nations Survey on Crime Trends and Operations of Criminal Justice System,C,202
2018.Q2.G.01,VC_IHR_PSRC,"Number of victims of intentional homicide per 100,000 population (victims per 100,000 population)",704,105.802499,10.09643079,VNM,Viet Nam,1,PER_100000_POP,"Per 100,000 population",1.51,1.52,,,,,,,2011,1.52,Global Status Report on Violence Prevention,C,203
2018.Q2.G.01,VC_IHR_PSRC,"Number of victims of intentional homicide per 100,000 population (victims per 100,000 population)",705,14.82209486,46.11958061,SVN,Slovenia,1,PER_100000_POP,"Per 100,000 population",0.73,0.78,0.68,0.58,0.82,0.96,0.48,0.704,2016,0.48,United Nations Survey on Crime Trends and Operations of Criminal Justice System,C,204
2018.Q2.G.01,VC_IHR_PSRC,"Number of victims of intentional homicide per 100,000 population (victims per 100,000 population)",706,46.20367477,4.406485729,SOM,Somalia,1,PER_100000_POP,"Per 100,000 population",5.28,,,,,4.31,,4.31,2015,4.31,World Health Organization,M,205
2018.Q2.G.01,VC_IHR_PSRC,"Number of victims of intentional homicide per 100,000 population (victims per 100,000 population)",710,24.67184355,-29.99957544,ZAF,South Africa,1,PER_100000_POP,"Per 100,000 population",30.81,29.76,30.59,31.66,32.65,33.77,,32.1675,2015,33.77,National Police,C,206
2018.Q2.G.01,VC_IHR_PSRC,"Number of victims of intentional homicide per 100,000 population (victims per 100,000 population)",716,29.86909584,-19.00075492,ZWE,Zimbabwe,1,PER_100000_POP,"Per 100,000 population",5.05,,6.67,,,,,6.67,2012,6.67,Global Status Report on Violence Prevention,C,207
2018.Q2.G.01,VC_IHR_PSRC,"Number of victims of intentional homicide per 100,000 population (victims per 100,000 population)",724,-3.554078296,40.39211472,ESP,Spain,1,PER_100000_POP,"Per 100,000 population",0.86,0.82,0.78,0.65,0.69,0.65,0.63,0.68,2016,0.63,United Nations Survey on Crime Trends and Operations of Criminal Justice System,C,208
2018.Q2.G.01,VC_IHR_PSRC,"Number of victims of intentional homicide per 100,000 population (victims per 100,000 population)",728,30.32618773,7.290839152,SSD,South Sudan,1,PER_100000_POP,"Per 100,000 population",,,13.9,,,,,13.9,2012,13.9,National Police,C,209
2018.Q2.G.01,VC_IHR_PSRC,"Number of victims of intentional homicide per 100,000 population (victims per 100,000 population)",732,-13.13515523,24.66265342,ESH,Western Sahara,1,PER_100000_POP,"Per 100,000 population",,,,,,,,,,,,,210
2018.Q2.G.01,VC_IHR_PSRC,"Number of victims of intentional homicide per 100,000 population (victims per 100,000 population)",736,29.95650159,16.02643066,SDN,Sudan,1,PER_100000_POP,"Per 100,000 population",,,,,,,,,,,,,211
2018.Q2.G.01,VC_IHR_PSRC,"Number of victims of intentional homicide per 100,000 population (victims per 100,000 population)",740,-55.90626394,4.132603197,SUR,Suriname,1,PER_100000_POP,"Per 100,000 population",,,,,,,,,,,,,212
2018.Q2.G.01,VC_IHR_PSRC,"Number of victims of intentional homicide per 100,000 population (victims per 100,000 population)",744,13.38071013,78.82894131,SJM,Svalbard and Jan Mayen Islands,1,PER_100000_POP,"Per 100,000 population",,,,,,,,,,,,,213
2018.Q2.G.01,VC_IHR_PSRC,"Number of victims of intentional homicide per 100,000 population (victims per 100,000 population)",748,31.50149288,-26.56471011,SWZ,Swaziland,1,PER_100000_POP,"Per 100,000 population",17.29,,,,,,,,2010,17.29,Global Status Report on Violence Prevention,C,214
2018.Q2.G.01,VC_IHR_PSRC,"Number of victims of intentional homicide per 100,000 population (victims per 100,000 population)",752,14.3775338,60.60103109,SWE,Sweden,1,PER_100000_POP,"Per 100,000 population",0.97,0.86,0.71,0.9,0.9,1.15,1.08,0.948,2016,1.08,United Nations Survey on Crime Trends and Operations of Criminal Justice System,C,215
2018.Q2.G.01,VC_IHR_PSRC,"Number of victims of intentional homicide per 100,000 population (victims per 100,000 population)",756,8.223158,46.96617097,CHE,Switzerland,1,PER_100000_POP,"Per 100,000 population",0.66,0.58,0.56,0.7,0.5,0.69,0.54,0.598,2016,0.54,United Nations Survey on Crime Trends and Operations of Criminal Justice System,C,216
2018.Q2.G.01,VC_IHR_PSRC,"Number of victims of intentional homicide per 100,000 population (victims per 100,000 population)",760,38.50466565,35.01676176,SYR,Syrian Arab Republic (Syria),1,PER_100000_POP,"Per 100,000 population",2.2,,,,,,,,2010,2.2,National Statistical Office,C,217
2018.Q2.G.01,VC_IHR_PSRC,"Number of victims of intentional homicide per 100,000 population (victims per 100,000 population)",762,69.294998,38.43069666,TJK,Tajikistan,1,PER_100000_POP,"Per 100,000 population",2.37,1.61,,,,,,,2011,1.61,Global Status Report on Violence Prevention,C,218
2018.Q2.G.01,VC_IHR_PSRC,"Number of victims of intentional homicide per 100,000 population (victims per 100,000 population)",764,101.0202951,15.13089239,THA,Thailand,1,PER_100000_POP,"Per 100,000 population",5.44,4.9,4.9,4.25,3.87,3.48,,4.125,2015,3.48,United Nations Survey on Crime Trends and Operations of Criminal Justice System,C,219
2018.Q2.G.01,VC_IHR_PSRC,"Number of victims of intentional homicide per 100,000 population (victims per 100,000 population)",768,0.97835765,8.532096072,TGO,Togo,1,PER_100000_POP,"Per 100,000 population",9.6,,,,,9,,9,2015,9,World Health Organization,M,220
2018.Q2.G.01,VC_IHR_PSRC,"Number of victims of intentional homicide per 100,000 population (victims per 100,000 population)",772,-171.8154473,-9.214545558,TKL,Tokelau,1,PER_100000_POP,"Per 100,000 population",,,,,,,,,,,,,221
2018.Q2.G.01,VC_IHR_PSRC,"Number of victims of intentional homicide per 100,000 population (victims per 100,000 population)",776,-175.1959991,-21.19511329,TON,Tonga,1,PER_100000_POP,"Per 100,000 population",0.96,1.91,0.95,,,,,0.95,2012,0.95,National Police,C,222
2018.Q2.G.01,VC_IHR_PSRC,"Number of victims of intentional homicide per 100,000 population (victims per 100,000 population)",780,-61.29389504,10.41877263,TTO,Trinidad and Tobago,1,PER_100000_POP,"Per 100,000 population",35.61,26.37,28.32,30.26,29.9,30.88,,29.84,2015,30.88,United Nations Survey on Crime Trends and Operations of Criminal Justice System,C,223
2018.Q2.G.01,VC_IHR_PSRC,"Number of victims of intentional homicide per 100,000 population (victims per 100,000 population)",784,53.98279159,23.43322219,ARE,United Arab Emirates,1,PER_100000_POP,"Per 100,000 population",0.81,0.59,0.78,0.63,0.67,0.66,,0.685,2015,0.66,United Nations Survey on Crime Trends and Operations of Criminal Justice System,C,224
2018.Q2.G.01,VC_IHR_PSRC,"Number of victims of intentional homicide per 100,000 population (victims per 100,000 population)",788,9.572737411,34.11439971,TUN,Tunisia,1,PER_100000_POP,"Per 100,000 population",2.69,,3.05,,,,,3.05,2012,3.05,Global Status Report on Violence Prevention,C,225
2018.Q2.G.01,VC_IHR_PSRC,"Number of victims of intentional homicide per 100,000 population (victims per 100,000 population)",792,35.42890329,38.9899684,TUR,Turkey,1,PER_100000_POP,"Per 100,000 population",4.24,4.17,4.31,,,,,4.31,2012,4.31,United Nations Survey on Crime Trends and Operations of Criminal Justice System,C,226
2018.Q2.G.01,VC_IHR_PSRC,"Number of victims of intentional homicide per 100,000 population (victims per 100,000 population)",795,58.9787665,40.0912346,TKM,Turkmenistan,1,PER_100000_POP,"Per 100,000 population",,,,,,,,,,,,,227
2018.Q2.G.01,VC_IHR_PSRC,"Number of victims of intentional homicide per 100,000 population (victims per 100,000 population)",796,-71.745121,21.80780585,TCA,Turks and Caicos Islands,1,PER_100000_POP,"Per 100,000 population",,,,12.08,5.93,,,9.005,2014,5.93,Pan American Health Organization,C,228
2018.Q2.G.01,VC_IHR_PSRC,"Number of victims of intentional homicide per 100,000 population (victims per 100,000 population)",798,178.6679611,-7.460048071,TUV,Tuvalu,1,PER_100000_POP,"Per 100,000 population",9.5,9.41,18.65,,,,,18.65,2012,18.65,Global Status Report on Violence Prevention,C,229
2018.Q2.G.01,VC_IHR_PSRC,"Number of victims of intentional homicide per 100,000 population (victims per 100,000 population)",800,32.39100438,1.279557331,UGA,Uganda,1,PER_100000_POP,"Per 100,000 population",9.32,10.69,11.2,10.27,11.52,,,10.99666667,2014,11.52,United Nations Survey on Crime Trends and Operations of Criminal Justice System,C,230
2018.Q2.G.01,VC_IHR_PSRC,"Number of victims of intentional homicide per 100,000 population (victims per 100,000 population)",804,31.40270802,49.00735945,UKR,Ukraine,1,PER_100000_POP,"Per 100,000 population",4.34,,5.15,,6.34,,,5.745,2014,6.34,United Nations Survey on Crime Trends and Operations of Criminal Justice System,C,231
2018.Q2.G.01,VC_IHR_PSRC,"Number of victims of intentional homicide per 100,000 population (victims per 100,000 population)",807,21.7007909,41.60048068,MKD,"Macedonia, Republic of",1,PER_100000_POP,"Per 100,000 population",2.08,1.45,1.4,1.06,1.59,,,1.35,2014,1.59,United Nations Survey on Crime Trends and Operations of Criminal Justice System,C,232
2018.Q2.G.01,VC_IHR_PSRC,"Number of victims of intentional homicide per 100,000 population (victims per 100,000 population)",818,29.77468534,26.57438204,EGY,Egypt,1,PER_100000_POP,"Per 100,000 population",2.19,3.15,2.51,,,,,2.51,2012,2.51,United Nations Survey on Crime Trends and Operations of Criminal Justice System,C,233
2018.Q2.G.01,VC_IHR_PSRC,"Number of victims of intentional homicide per 100,000 population (victims per 100,000 population)",826,-2.23830539,53.27691757,GBR,United Kingdom,1,PER_100000_POP,"Per 100,000 population",1.19,1.01,0.98,0.93,0.91,1,1.21,1.006,2016,1.21,United Nations Survey on Crime Trends and Operations of Criminal Justice System,C,234
2018.Q2.G.01,VC_IHR_PSRC,"Number of victims of intentional homicide per 100,000 population (victims per 100,000 population)",831,-2.200712402,49.71561166,GGY,Guernsey,1,PER_100000_POP,"Per 100,000 population",,,,,,,,,,,,,235
2018.Q2.G.01,VC_IHR_PSRC,"Number of victims of intentional homicide per 100,000 population (victims per 100,000 population)",832,-2.136773508,49.22353354,JEY,Jersey,1,PER_100000_POP,"Per 100,000 population",,,,,,,,,,,,,236
2018.Q2.G.01,VC_IHR_PSRC,"Number of victims of intentional homicide per 100,000 population (victims per 100,000 population)",833,-4.538190305,54.22880901,IMN,Isle of Man,1,PER_100000_POP,"Per 100,000 population",,1.24,2.46,2.44,3.63,1.2,0,1.946,2016,0,National Police,C,237
2018.Q2.G.01,VC_IHR_PSRC,"Number of victims of intentional homicide per 100,000 population (victims per 100,000 population)",834,34.80521182,-6.265332606,TZA,"Tanzania, United Republic of",1,PER_100000_POP,"Per 100,000 population",8.43,8.72,8.34,7.3,7.47,6.95,,7.515,2015,6.95,United Nations Survey on Crime Trends and Operations of Criminal Justice System,C,238
2018.Q2.G.01,VC_IHR_PSRC,"Number of victims of intentional homicide per 100,000 population (victims per 100,000 population)",840,-99.13830311,39.5277871,USA,United States of America,1,PER_100000_POP,"Per 100,000 population",4.77,4.71,4.74,4.54,4.46,4.91,5.02,4.734,2016,5.02,United Nations Survey on Crime Trends and Operations of Criminal Justice System,C,239
2018.Q2.G.01,VC_IHR_PSRC,"Number of victims of intentional homicide per 100,000 population (victims per 100,000 population)",850,-64.76960113,17.73297693,VIR,United States Virgin Islands,1,PER_100000_POP,"Per 100,000 population",52.76,42.52,49.26,,,,,49.26,2012,49.26,World Health Organization,C,240
2018.Q2.G.01,VC_IHR_PSRC,"Number of victims of intentional homicide per 100,000 population (victims per 100,000 population)",854,-1.742843829,12.27491081,BFA,Burkina Faso,1,PER_100000_POP,"Per 100,000 population",0.6,0.51,0.51,0.71,0.78,0.37,,0.5925,2015,0.37,National Statistical Office,C,241
2018.Q2.G.01,VC_IHR_PSRC,"Number of victims of intentional homicide per 100,000 population (victims per 100,000 population)",858,-56.01387025,-32.8002838,URY,Uruguay,1,PER_100000_POP,"Per 100,000 population",6.08,5.88,7.86,7.63,7.84,8.54,7.69,7.912,2016,7.69,United Nations Survey on Crime Trends and Operations of Criminal Justice System,C,242
2018.Q2.G.01,VC_IHR_PSRC,"Number of victims of intentional homicide per 100,000 population (victims per 100,000 population)",860,63.11944558,41.77560518,UZB,Uzbekistan,1,PER_100000_POP,"Per 100,000 population",,,,,,,,,,,,,243
2018.Q2.G.01,VC_IHR_PSRC,"Number of victims of intentional homicide per 100,000 population (victims per 100,000 population)",862,-66.15642084,7.121324748,VEN,Venezuela (Bolivarian Republic),1,PER_100000_POP,"Per 100,000 population",45.06,47.85,53.76,,61.91,,56.33,57.33333333,2016,56.33,Organzation of American States,C,244
2018.Q2.G.01,VC_IHR_PSRC,"Number of victims of intentional homicide per 100,000 population (victims per 100,000 population)",876,-176.2034788,-13.28471201,WLF,Wallis and Futuna Islands,1,PER_100000_POP,"Per 100,000 population",,,,,,,,,,,,,245
2018.Q2.G.01,VC_IHR_PSRC,"Number of victims of intentional homicide per 100,000 population (victims per 100,000 population)",882,-172.4430749,-13.61541469,WSM,Samoa,1,PER_100000_POP,"Per 100,000 population",8.59,,,3.15,,,,3.15,2013,3.15,Global Status Report on Violence Prevention,C,246
2018.Q2.G.01,VC_IHR_PSRC,"Number of victims of intentional homicide per 100,000 population (victims per 100,000 population)",887,45.22389143,15.22242099,YEM,Yemen,1,PER_100000_POP,"Per 100,000 population",4.66,5.67,6.49,6.66,,,,6.575,2013,6.66,National Statistical Office,C,247
2018.Q2.G.01,VC_IHR_PSRC,"Number of victims of intentional homicide per 100,000 population (victims per 100,000 population)",894,27.850329,-14.59701056,ZMB,Zambia,1,PER_100000_POP,"Per 100,000 population",5.88,6.05,6.02,5.72,5.28,5.3,,5.58,2015,5.3,World Health Organization,C,248
,,,,,,,,,,,,,,,,,,,,,,,
,,,,,,,,,,,,,,,,,,,,,,,
,,,,,,,,,,,,,,,,,,,,,,,
,,,,,,,,,,,,1.24,2.46,2.44,3.63,1.2,0,1.828333333,,,,,
