PWS ID,PWS Name,PWS Type,Primary Source,Counties Served,Cities Served,PopulationServed Count,Number of Facilities,Number of Violations,Number of Site Visits
SD4602259,76 RANCH ESTATES,Community water system,Ground water,Lawrence,"LEAD, STURGIS",40,2,187,3
SD4600020,ABERDEEN,Community water system,Surface water,Brown,ABERDEEN,26091,19,32,8
SD4600004,ALCESTER,Community water system,Ground water purchased,Union,ALCESTER,885,5,7,10
SD4600062,ALEXANDRIA,Community water system,Surface water purchased,Hanson,ALEXANDRIA,615,6,5,6
SD4600025,ALPENA,Community water system,Surface water purchased,Jerauld,"ALPENA, MILLER",286,4,29,9
SD4600030,AMHERST WATER COMPANY,Community water system,Ground water purchased,Marshall,"AMHERST, BRITTON",35,1,17,8
SD4600385,ARLINGTON,Community water system,Ground water purchased,Kingsbury,ARLINGTON,915,5,7,10
SD4600028,ARMOUR,Community water system,Surface water purchased,Douglas,ARMOUR,702,7,4,10
SD4600058,AURORA,Community water system,Ground water purchased,Brookings,AURORA,532,3,9,9
SD4600621,AURORA-BRULE RURAL WATER SYSTEM,Community water system,Surface water,"Aurora, Brule, Buffalo, Davison, Douglas, Jerauld",KIMBALL,2600,14,42,7
SD4602240,AUTUMN MEADOWS SANITARY DISTRICT,Community water system,Ground water,Meade,"BLACK HAWK, PIEDMONT",68,4,42,2
SD4600031,AVON,Community water system,Surface water purchased,Bon Homme,AVON,590,3,6,9
SD4602122,B & J MOBILE HOME PARK,Community water system,Ground water,Pennington,"PIEDMONT, RAPID CITY",135,4,2,6
SD4600032,BADGER,Community water system,Ground water purchased,Kingsbury,BADGER,125,4,15,10
SD4600034,BALTIC,Community water system,Ground water purchased,Minnehaha,BALTIC,1150,4,30,10
SD4600036,BATESLAND,Community water system,Ground water purchased,Shannon,"BATESLAND, MARTIN",148,5,337,9
SD4602334,BEAR BUTTE VALLEY WATER,Community water system,Ground water,Meade,STURGIS,488,5,0,1
SD4600037,BELLE FOURCHE,Community water system,Ground water,Butte,BELLE FOURCHE,5594,10,113,9
SD4600386,BERESFORD,Community water system,Ground water purchased,Union,BERESFORD,2005,8,2,7
SD4600387,BESTGEN WATER COMPANY,Community water system,Ground water,Meade,STURGIS,73,3,7,10
SD4600426,BICENTENNIAL TRAILER COURT,Community water system,Ground water,Lawrence,SPEARFISH,75,3,40,7
SD4600429,BIG SIOUX COMMUNITY WATER SYSTEM,Community water system,Ground water,"Brookings, Lake, Moody",EGAN,5337,32,2,10
SD4600007,BIG STONE CITY,Community water system,Ground water purchased,Grant,BIG STONE CITY,467,7,43,10
SD4600039,BISON,Community water system,Surface water purchased,Perkins,BISON,333,11,44,9
SD4600043,BLACK HAWK WATER USER DISTRICT,Community water system,Ground water,Meade,BLACK HAWK,3750,15,56,11
SD4602144,"BLACK HILLS WATER DISTRIBUTION, LLC",Community water system,Ground water,Butte,BELLE FOURCHE,0,5,89,6
SD4600324,BLUCKSBERG MOUNTAIN #1,Community water system,Ground water,Meade,"PIEDMONT, STURGIS",223,9,19,7
SD4602366,BLUCKSBERG MOUNTAIN #2,Community water system,Ground water,Meade,"PIEDMONT, STURGIS",333,9,0,0
SD4602057,BLUMENGARD COLONY,Community water system,Ground water,Faulk,"ABERDEEN, FAULKTON",108,3,16,7
SD4600044,BLUNT,Community water system,Surface water purchased,Hughes,"BLUNT, MILLER",354,7,80,10
SD4600865,BON HOMME-YANKTON RWS,Community water system,Surface water,"Bon Homme, Douglas, Hanson, Hutchinson, McCook, Turner, Yankton","AVON, TABOR",11862,22,5,8
SD4600045,BONESTEEL,Community water system,Ground water purchased,Gregory,BONESTEEL,275,5,29,9
SD4602005,BOULDER PARK WATER USERS ASSOCIATION,Community water system,Ground water,Lawrence,"RAPID CITY, STURGIS",200,7,35,6
SD4600008,BOWDLE,Community water system,Surface water purchased,Edmunds,BOWDLE,484,11,10,10
SD4600046,BOX ELDER,Community water system,Ground water,Pennington,BOX ELDER,8300,24,135,10
SD4602276,BOXELDER HIGH COUNTRY ASSOCIATION,Community water system,Ground water,Pennington,RAPID CITY,47,2,8,3
SD4600047,BRADLEY,Community water system,Ground water purchased,Clark,"BRADLEY, REDFIELD",72,3,39,10
SD4600048,BRANDON,Community water system,Ground water,Minnehaha,BRANDON,9981,13,17,9
SD4600065,BRENTFORD,Community water system,Surface water purchased,Spink,BRENTFORD,93,2,23,9
SD4602066,BRENTWOOD COLONY,Community water system,Ground water,Faulk,FAULKTON,110,5,121,7
SD4600066,BRIDGEWATER,Community water system,Surface water purchased,McCook,BRIDGEWATER,492,7,68,9
SD4600067,BRISTOL,Community water system,Surface water purchased,Day,BRISTOL,341,4,13,10
SD4600388,BRITTON,Community water system,Ground water purchased,Marshall,BRITTON,1241,6,32,8
SD4600071,BROOKINGS MUNICIPAL UTILITIES,Community water system,Ground water,Brookings,BROOKINGS,22298,21,4,7
SD4600430,BROOKINGS-DEUEL RURAL WATER SYSTEM,Community water system,Ground water,"Brookings, Deuel","CLEAR LAKE, TORONTO",5300,34,5,10
SD4600882,BROWN-DAY-MARSHALL RWS,Community water system,Ground water,"Brown, Day, Marshall","BRITTON, LANGFORD",5375,23,2,7
SD4600076,BRYANT,Community water system,Ground water purchased,Hamlin,BRYANT,450,6,4,10
SD4600078,BUFFALO,Community water system,Ground water,Harding,BUFFALO,330,13,86,8
SD4600077,BUFFALO GAP,Community water system,Ground water,Custer,BUFFALO GAP,126,6,194,10
SD4600079,BURKE,Community water system,Ground water purchased,Gregory,BURKE,604,19,2,9
SD4600223,BUTTE-MEADE SWD-BEAN WELL,Community water system,Ground water,"Butte, Meade",NEWELL,1448,14,35,7
SD4602314,BUTTE-MEADE SWD-VALE WELL,Community water system,Ground water,"Butte, Meade",NEWELL,325,5,0,2
SD4602345,CAMROSE COLONY,Community water system,Ground water,Spink,"ABERDEEN, FRANKFORT",75,4,22,1
SD4600080,CANISTOTA,Community water system,Ground water purchased,McCook,CANISTOTA,656,5,12,9
SD4600081,CANOVA,Community water system,Ground water,Miner,CANOVA,90,4,46,9
SD4600082,CANTON,Community water system,Ground water,Lincoln,CANTON,3057,17,31,8
SD4602311,CANYON SPRINGS PRESERVE HOA,Community water system,Ground water,Pennington,"BLACK HAWK, RAPID CITY",50,4,0,2
SD4600265,CARRIAGE HILLS,Community water system,Ground water,Pennington,"PIEDMONT, RAPID CITY",267,5,5,7
SD4600002,CASTLEWOOD,Community water system,Ground water,Hamlin,CASTLEWOOD,627,6,67,8
SD4602106,CAVALRY TRAILS HOMEOWNER ASSOCIATION,Community water system,Ground water,Pennington,"PIEDMONT, RAPID CITY",55,4,51,7
SD4602301,CEDAR GULCH I,Community water system,Ground water,Pennington,RAPID CITY,45,2,118,3
SD4602295,CEDAR GULCH II,Community water system,Ground water,Pennington,"PIEDMONT, RAPID CITY",27,6,132,2
SD4602176,CENTENNIAL HILLS HOME ASSOCIATION,Community water system,Ground water,Lawrence,SPEARFISH,25,4,24,6
SD4600085,CENTERVILLE,Community water system,Ground water purchased,Turner,CENTERVILLE,882,9,73,7
SD4600086,CHAMBERLAIN,Community water system,Surface water,Brule,CHAMBERLAIN,2387,6,24,9
SD4600087,CHANCELLOR,Community water system,Ground water purchased,Turner,CHANCELLOR,264,2,6,10
SD4600264,CHAPEL LANE WATER COMPANY,Community water system,Ground water,Pennington,RAPID CITY,1200,7,4,9
SD4600088,CHESTER SANITARY DISTRICT,Community water system,Ground water purchased,Lake,"CHESTER, EGAN",363,6,40,7
SD4600257,CIMARRON PARK,Community water system,Ground water,Pennington,"BLACK HAWK, CEDAREDGE",160,4,123,7
SD4600090,CLAREMONT,Community water system,Ground water purchased,Brown,"BRITTON, CLAREMONT",127,4,39,9
SD4600091,CLARK,Community water system,Ground water purchased,Clark,CLARK,1139,8,7,9
SD4600881,CLARK RURAL WATER SYSTEM,Community water system,Ground water,"Clark, Codington, Day, Hamlin","CLARK, FLORENCE",2130,15,34,10
SD4602277,CLARK RURAL WATER-KAMPESKA,Community water system,Ground water,"Clark, Codington, Day, Hamlin","CLARK, FLORENCE",578,6,42,4
SD4600626,CLAY RURAL WATER SYSTEM,Community water system,Ground water,"Clay, Union",WAKONDA,4395,18,5,7
SD4602185,CLAY RWS/SOUTH UNION,Community water system,Ground water,Union,WAKONDA,965,6,157,4
SD4600092,CLEAR LAKE,Community water system,Ground water purchased,Deuel,CLEAR LAKE,1273,8,4,9
SD4602020,CLEARFIELD COLONY,Community water system,Ground water,Douglas,"ABERDEEN, DELMONT",96,6,56,7
SD4602358,COLLINS COLONY,Community water system,Ground water,Clark,"ABERDEEN, IROQUOIS",92,4,0,2
SD4600093,COLMAN,Community water system,Ground water purchased,Moody,COLMAN,594,6,53,8
SD4600094,COLOME,Community water system,Ground water,Tripp,COLOME,296,5,31,9
SD4600263,COLONIAL PINE HILLS SANITARY DISTRIC,Community water system,Ground water,Pennington,RAPID CITY,1200,19,23,7
SD4600390,COLTON,Community water system,Ground water purchased,Minnehaha,COLTON,687,5,47,7
SD4600096,CONDE,Community water system,Surface water purchased,Spink,CONDE,135,5,17,8
SD4602136,COPPER OAKS I,Community water system,Ground water purchased,Pennington,RAPID CITY,64,6,23,5
SD4600009,CORONA,Community water system,Ground water,Roberts,CORONA,82,3,44,10
SD4600097,CORSICA,Community water system,Surface water purchased,Douglas,CORSICA,592,5,15,10
SD4602225,COTTONWOOD GROVE MOBILE HOME PARK,Community water system,Ground water,Pennington,RAPID CITY,30,3,60,2
SD4600383,COUNTRY ACRES MHP,Community water system,Surface water purchased,Yankton,YANKTON,70,4,24,7
SD4600629,COUNTRY CLUB ESTATES,Community water system,Ground water,Fall River,HOT SPRINGS,83,3,36,7
SD4600021,COUNTRY VILLAGE PARK,Community water system,Surface water purchased,Brown,"ABERDEEN, CANDO",340,4,29,9
SD4600099,CRESBARD,Community water system,Surface water purchased,Faulk,"CRESBARD, WECOTA",110,4,6,9
SD4600915,CROOKED OAKS CANYON HOMEOWNERS,Community water system,Ground water,Meade,"BLACK HAWK, PIEDMONT",75,4,22,7
SD4600391,CROOKS,Community water system,Ground water purchased,Minnehaha,CROOKS,1269,5,48,9
SD4600101,CUSTER,Community water system,Ground water,Custer,CUSTER,2067,24,39,8
SD4600392,D & E WATER COMPANY,Community water system,Ground water,Lawrence,SPEARFISH,100,4,36,7
SD4602204,D&J MOBILE HOME PARK,Community water system,Ground water,Pennington,"BLACK HAWK, SPEARFISH",112,4,79,3
SD4602093,DAKOTA DUNES CID,Community water system,Purchased ground water under influence of surface water source,Union,DAKOTA DUNES,3000,10,3,7
SD4600102,DALLAS,Community water system,Ground water purchased,Gregory,DALLAS,132,2,7,9
SD4601090,DAVISON RURAL WATER SYSTEM INC,Community water system,Surface water purchased,"Aurora, Davison, Douglas, Sanborn",MITCHELL,3050,6,1,7
SD4600104,DEADWOOD,Community water system,Surface water purchased,Lawrence,DEADWOOD,1270,10,12,9
SD4602095,DEBERG WELL USERS ASSOCIATION,Community water system,Ground water,Lawrence,SPEARFISH,54,2,25,6
SD4600549,DEER MOUNTAIN/UNION RESORT,Community water system,Surface water,Lawrence,"LEAD, RAPID CITY",125,4,85,8
SD4602056,DEERFIELD COLONY,Community water system,Ground water,Edmunds,"ABERDEEN, IPSWICH",130,4,8,10
SD4600105,DELL RAPIDS,Community water system,Ground water purchased,Minnehaha,DELL RAPIDS,3633,7,5,9
SD4600106,DELMONT,Community water system,Surface water purchased,Douglas,DELMONT,120,3,9,7
SD4600059,DESMET,Community water system,Ground water,Kingsbury,DESMET,1089,6,51,8
SD4600108,DOLAND,Community water system,Surface water purchased,Spink,DOLAND,180,8,14,8
SD4602241,DRY CREEK ESTATES,Community water system,Ground water,Meade,"RAPID CITY, STURGIS",105,5,7,2
SD4600110,DUPREE,Community water system,Surface water purchased,Ziebach,DUPREE,525,3,15,9
SD4600010,EAGLE BUTTE,Community water system,Surface water purchased,Dewey,EAGLE BUTTE,4000,3,18,10
SD4602307,EAGLE WATER COMPANY,Community water system,Surface water,Lawrence,LEAD,25,3,22,3
SD4601000,EAST RIDGE ACRES,Community water system,Ground water,Meade,"BLACK HAWK, PIEDMONT, RAPID CITY",115,6,10,8
SD4602099,"EAST WINDS COURT, INC.",Community water system,Surface water purchased,Yankton,"MISSION HILL, YANKTON",180,7,10,6
SD4600273,EDELWEISS MOUNTAIN IMPROVEMENT ASSOC,Community water system,Ground water,Pennington,"BLACK HAWK, RAPID CITY",172,8,195,9
SD4600113,EDEN,Community water system,Surface water purchased,Marshall,EDEN,89,6,38,9
SD4600114,EDGEMONT,Community water system,Ground water,Fall River,EDGEMONT,774,14,202,9
SD4600115,EGAN,Community water system,Ground water purchased,Moody,EGAN,278,4,32,8
SD4602237,ELK CREEK VILLAGE,Community water system,Ground water,Meade,"PIEDMONT, RAPID CITY",110,4,58,2
SD4600116,ELK POINT,Community water system,Ground water,Union,ELK POINT,1963,6,41,9
SD4602189,ELK VALLEY RANCHETTES,Community water system,Ground water,Meade,RAPID CITY,62,5,1,3
SD4602343,ELKHORN RIDGE,Community water system,Ground water,Meade,"LAKEWOOD, SPEARFISH, WHITEWOOD",25,4,0,0
SD4600117,ELKTON,Community water system,Ground water purchased,Brookings,ELKTON,736,6,14,8
SD4680004,ELLSWORTH AFB,Community water system,Surface water purchased,Pennington,ELLSWORTH AFB,6827,5,6,7
SD4600118,EMERY,Community water system,Surface water purchased,Hanson,EMERY,447,3,8,10
SD4600119,ESTELLINE,Community water system,Ground water,Hamlin,ESTELLINE,768,11,82,11
SD4600120,ETHAN,Community water system,Surface water purchased,Davison,ETHAN,331,4,9,8
SD4600121,EUREKA,Community water system,Surface water purchased,McPherson,EUREKA,868,10,9,10
SD4602050,EVERGREEN COLONY,Community water system,Ground water,Faulk,"ABERDEEN, FAULKTON",106,5,23,5
SD4600877,FAIRBURN WATER ASSOCIATION,Community water system,Ground water purchased,Custer,FAIRBURN,55,2,36,8
SD4600124,FAITH,Community water system,Surface water purchased,Meade,FAITH,421,4,8,10
SD4602316,FALL RIVER WUD-NORTH,Community water system,Ground water,Fall River,ORAL,100,5,75,3
SD4602201,FALL RIVER WUD-SOUTH,Community water system,Ground water,Fall River,ORAL,648,11,56,3
SD4600125,FAULKTON,Community water system,Surface water purchased,Faulk,FAULKTON,736,10,7,10
SD4600127,FLANDREAU,Community water system,Ground water purchased,Moody,FLANDREAU,2341,10,8,8
SD4600128,FLORENCE,Community water system,Ground water purchased,Codington,FLORENCE,374,3,22,8
SD4602064,FORDHAM COLONY,Community water system,Ground water,Clark,"ABERDEEN, CARPENTER",120,9,72,8
SD4680002,FORT MEADE VA CENTER,Community water system,Surface water,Meade,FORT MEADE,800,12,64,6
SD4600130,FORT PIERRE,Community water system,Surface water purchased,Stanley,FORT PIERRE,2260,8,15,8
SD4600133,FREDERICK,Community water system,Surface water purchased,Brown,FREDERICK,250,3,10,10
SD4600134,FREEMAN,Community water system,Surface water purchased,Hutchinson,FREEMAN,1298,7,13,8
SD4600135,FRUITDALE,Community water system,Ground water purchased,Butte,FRUITDALE,64,2,45,8
SD4600137,GARDEN CITY,Community water system,Ground water,Clark,GARDEN CITY,50,5,84,8
SD4600138,GARRETSON,Community water system,Ground water purchased,Minnehaha,GARRETSON,1166,7,66,9
SD4600139,GARY,Community water system,Ground water purchased,Deuel,GARY,231,6,5,10
SD4600140,GAYVILLE,Community water system,Ground water purchased,Yankton,GAYVILLE,407,6,17,9
SD4600141,GEDDES,Community water system,Surface water purchased,Charles Mix,"GEDDES, LAKE ANDES",208,3,21,10
SD4600142,GETTYSBURG,Community water system,Surface water purchased,Potter,GETTYSBURG,1162,4,9,8
SD4602060,GLENDALE COLONY,Community water system,Ground water,Spink,"ABERDEEN, FRANKFORT",95,9,222,8
SD4602213,GOLDEN HILLS HOMES,Community water system,Ground water,Pennington,RAPID CITY,47,4,3,4
SD4600516,GOLDEN MEADOWS,Community water system,Ground water,Meade,BLACK HAWK,96,3,66,8
SD4602261,GOLDEN VALLEY WATER COMPANY,Community water system,Ground water,Meade,"BLACK HAWK, RAPID CITY",138,4,14,2
SD4600864,GRANT-ROBERTS RURAL WATER SYSTEM,Community water system,Ground water,"Codington, Grant, Roberts",MILBANK,4857,14,2,8
SD4602028,GRASSLAND COLONY,Community water system,Ground water,Brown,"ABERDEEN, WESTPORT",140,4,145,8
SD4600425,GREEN ACRES ASSOCIATION,Community water system,Surface water purchased,Brown,BATH,75,7,11,8
SD4602218,GREEN ACRES WATER CORPORATION,Community water system,Ground water,Fall River,HOT SPRINGS,31,2,32,2
SD4602022,GREENWOOD COLONY,Community water system,Ground water,Douglas,"ABERDEEN, DELMONT",85,7,108,8
SD4600145,GREGORY,Community water system,Ground water,Gregory,GREGORY,1295,37,33,9
SD4600146,GRENVILLE,Community water system,Surface water purchased,Day,"BRISTOL, GRENVILLE",54,3,44,9
SD4600147,GROTON,Community water system,Surface water purchased,Brown,GROTON,1458,5,5,10
SD4600878,HANSON RURAL WATER SYSTEM,Community water system,Surface water purchased,"Davison, Hanson, McCook","EMERY, FULTON",2463,15,3,8
SD4600669,HAPPY HOLIDAY RV RESORT,Community water system,Ground water,Pennington,"MERCER ISLAND, RAPID CITY",264,6,106,7
SD4600148,HARRISBURG,Community water system,Ground water purchased,Lincoln,HARRISBURG,5000,10,7,11
SD4600910,HART RANCH,Community water system,Ground water,Pennington,RAPID CITY,390,6,80,7
SD4600150,HARTFORD,Community water system,Ground water purchased,Minnehaha,HARTFORD,2634,8,13,8
SD4602143,HAY CREEK WATER COMPANY,Community water system,Ground water purchased,Butte,BELLE FOURCHE,300,4,19,6
SD4600151,HAYTI,Community water system,Ground water purchased,Hamlin,HAYTI,375,6,11,10
SD4600509,HAZEL,Community water system,Ground water purchased,Hamlin,"HAZEL, WATERTOWN",91,1,11,9
SD4602235,HEARTLAND COUNTRY RANCHETTES,Community water system,Ground water,Custer,"BLACK HAWK, HERMOSA",95,3,1,2
SD4600152,HECLA,Community water system,Ground water purchased,Brown,HECLA,227,7,16,6
SD4600153,HENRY,Community water system,Ground water purchased,Codington,HENRY,297,6,7,10
SD4602180,HERMOSA WATER USERS ASSOCIATION,Community water system,Ground water,Custer,HERMOSA,108,9,47,6
SD4600154,HERMOSA-OLD SYSTEM,Community water system,Ground water,Custer,HERMOSA,451,7,10,8
SD4600155,HERREID,Community water system,Surface water purchased,Campbell,HERREID,438,5,6,9
SD4600269,HIDDEN VALLEY WATER ASSOCIATION INC,Community water system,Ground water,Pennington,RAPID CITY,30,4,24,8
SD4600011,HIGH MEADOWS RANCHETTES,Community water system,Ground water,Pennington,"BLACK HAWK, RAPID CITY",58,4,152,7
SD4600395,HIGH MEADOWS WATER COMPANY,Community water system,Ground water,Meade,BLACK HAWK,140,3,11,7
SD4602234,HIGH SHERIDAN RANCH,Community water system,Ground water,Pennington,"BLACK HAWK, RAPID CITY",36,4,0,2
SD4600050,HIGHLAND HILLS,Community water system,Ground water,Pennington,RAPID CITY,32,4,47,9
SD4600158,HIGHMORE,Community water system,Surface water purchased,Hyde,HIGHMORE,850,8,73,9
SD4600159,HILL CITY,Community water system,Ground water,Pennington,HILL CITY,950,19,98,8
SD4600271,HISEGA MEADOWS WATER INC,Community water system,Groundwater under influence of surface water,Pennington,RAPID CITY,486,13,5,8
SD4600161,HITCHCOCK,Community water system,Surface water purchased,Beadle,"HITCHCOCK, MILLER",91,4,8,11
SD4602266,HORSESHOE ACRES WATER ASSOCIATION,Community water system,Ground water,Meade,PIEDMONT,65,4,2,2
SD4600162,HOSMER,Community water system,Surface water purchased,Edmunds,HOSMER,208,4,7,7
SD4600163,HOT SPRINGS,Community water system,Ground water,Fall River,HOT SPRINGS,3711,10,3,8
SD4680003,HOT SPRINGS VA CENTER,Community water system,Ground water,Fall River,HOT SPRINGS,445,10,73,9
SD4600164,HOVEN,Community water system,Surface water purchased,Potter,HOVEN,406,9,45,8
SD4600165,HOWARD,Community water system,Ground water purchased,Miner,HOWARD,858,7,5,8
SD4600166,HUDSON,Community water system,Ground water purchased,Lincoln,HUDSON,296,3,13,11
SD4600167,HUMBOLDT,Community water system,Ground water purchased,Minnehaha,HUMBOLDT,589,5,18,9
SD4600168,HURLEY,Community water system,Ground water purchased,Turner,HURLEY,415,4,30,7
SD4600169,HURON,Community water system,Surface water purchased,Beadle,HURON,12592,20,4,9
SD4602042,HURON COLONY,Community water system,Ground water,Beadle,"ABERDEEN, HURON",90,6,319,6
SD4602026,HUTTERVILLE COLONY SOUTH DAKOTA INC,Community water system,Ground water,Brown,"BERESFORD, STRATFORD",84,10,154,8
SD4600397,IPSWICH,Community water system,Surface water purchased,Edmunds,IPSWICH,954,8,6,9
SD4600173,IRENE,Community water system,Surface water purchased,"Clay, Turner, Yankton",IRENE,420,4,15,9
SD4600174,IROQUOIS,Community water system,Ground water purchased,"Beadle, Kingsbury",IROQUOIS,260,7,6,9
SD4600175,ISABEL,Community water system,Surface water purchased,Dewey,ISABEL,135,5,103,9
SD4600176,JAVA,Community water system,Surface water purchased,Walworth,JAVA,129,4,17,10
SD4600060,JEFFERSON,Community water system,Ground water,Union,JEFFERSON,571,6,37,9
SD4600019,JOBEE ACRES,Community water system,Surface water purchased,Brown,ABERDEEN,75,1,34,10
SD4600181,KADOKA,Community water system,Surface water purchased,Jackson,KADOKA,654,9,56,8
SD4600314,KEN'S TRAILER COURT,Community water system,Ground water,Lawrence,SPEARFISH,110,6,28,8
SD4600182,KENNEBEC,Community water system,Surface water purchased,Lyman,KENNEBEC,265,7,34,9
SD4601082,KEYSTONE,Community water system,Ground water,Pennington,KEYSTONE,370,14,13,8
SD4600184,KIMBALL,Community water system,Surface water purchased,Brule,KIMBALL,703,5,5,10
SD4600431,KINGBROOK I RURAL WATER SYSTEM,Community water system,Ground water purchased,Brookings,ARLINGTON,4078,7,3,8
SD4600511,KINGBROOK II RURAL WATER SYSTEM,Community water system,Ground water,Kingsbury,ARLINGTON,2898,18,3,10
SD4600874,KINGBROOK III RURAL WATER SYSTEM,Community water system,Ground water,Lake,ARLINGTON,2738,16,0,10
SD4600185,LAKE ANDES,Community water system,Surface water purchased,Charles Mix,LAKE ANDES,879,5,17,8
SD4600186,LAKE CITY,Community water system,Ground water purchased,Marshall,"BRITTON, LAKE CITY",51,4,122,9
SD4600187,LAKE NORDEN,Community water system,Ground water,Hamlin,LAKE NORDEN,424,18,6,10
SD4601009,LAKE POINSETT ESTATES,Community water system,Ground water,Hamlin,ARLINGTON,36,7,194,7
SD4600398,LAKE PRESTON,Community water system,Ground water purchased,Kingsbury,LAKE PRESTON,565,5,13,10
SD4600022,LAKESIDE ESTATES,Community water system,Surface water purchased,Brown,"ABERDEEN, ST LOUIS PARK",625,5,28,9
SD4602108,LAKESIDE WATER USERS DISTRICT,Community water system,Ground water,Pennington,OWANKA,50,4,171,7
SD4602017,LAKEVIEW COLONY,Community water system,Ground water,Charles Mix,"ABERDEEN, LAKE ANDES",180,6,97,8
SD4600189,LANGFORD,Community water system,Ground water purchased,Marshall,LANGFORD,313,4,4,9
SD4600315,LANTERN ESTATES,Community water system,Ground water,Lawrence,"SPEARFISH, WHITEWOOD",192,1,114,10
SD4602164,LEAD,Community water system,Surface water purchased,Lawrence,LEAD,3292,6,4,6
SD4600190,LEAD-DEADWOOD SANITARY DISTRICT,Community water system,Surface water,Lawrence,DEADWOOD,0,37,44,8
SD4600192,LEMMON,Community water system,Surface water purchased,Perkins,LEMMON,1227,16,30,9
SD4600193,LENNOX,Community water system,Ground water purchased,Lincoln,LENNOX,2111,18,6,9
SD4600194,LEOLA,Community water system,Surface water purchased,McPherson,LEOLA,457,6,7,10
SD4600195,LESTERVILLE,Community water system,Surface water purchased,Yankton,LESTERVILLE,127,3,25,7
SD4600196,LETCHER,Community water system,Surface water purchased,Sanborn,LETCHER,190,3,27,8
SD4602288,LEWIS AND CLARK REGIONAL WATER SYSTE,Community water system,Ground water,Minnehaha,"LUVERNE, TEA, VERMILLION",0,17,0,2
SD4600304,LINCOLN COUNTY RURAL WATER SYSTEM,Community water system,Ground water purchased,"Lincoln, Minnehaha","HARRISBURG, SIOUX FALLS",5788,7,1,10
SD4602250,LOFTY PINES II,Community water system,Ground water,Meade,PIEDMONT,38,5,4,2
SD4602051,LONG LAKE COLONY,Community water system,Ground water,Brown,"ABERDEEN, WESTPORT",95,3,76,10
SD4600416,LOURIE LANE HOMEOWNERS ASSOC,Community water system,Ground water,Lawrence,SPEARFISH,75,4,146,8
SD4600199,MADISON,Community water system,Ground water,Lake,MADISON,7425,17,33,9
SD4600201,MARION,Community water system,Ground water purchased,Turner,MARION,784,7,8,10
SD4600202,MARTIN,Community water system,Ground water,Bennett,MARTIN,1071,9,53,10
SD4600203,MARVIN,Community water system,Ground water,Grant,"MARVIN, SOUTH SHORE",30,6,229,10
SD4602023,MAXWELL COLONY,Community water system,Ground water,Bon Homme,"ABERDEEN, SCOTLAND",220,4,141,10
SD4600197,MCINTOSH,Community water system,Ground water,Corson,MCINTOSH,173,8,23,11
SD4600198,MCLAUGHLIN,Community water system,Ground water,Corson,MCLAUGHLIN,663,11,3,8
SD4602258,MEADOW CREST HOMEOWNERS ASSOCIATION,Community water system,Ground water,Lawrence,"DEADWOOD, SPEARFISH",25,4,10,2
SD4600204,MELLETTE,Community water system,Surface water purchased,Spink,"MELLETTE, REDFIELD",210,7,10,9
SD4600205,MENNO,Community water system,Surface water purchased,Hutchinson,MENNO,620,5,7,7
SD4600518,MERCHEN'S MOBILE HOME ACRES,Community water system,Ground water,Fall River,HOT SPRINGS,68,4,37,8
SD4602175,MID-DAKOTA RURAL WATER,Community water system,Surface water,"Hand, Hughes, Hyde, Sully","MILLER, PIERRE",10200,21,1,3
SD4600012,MIDLAND,Community water system,Surface water purchased,Haakon,MIDLAND,120,5,48,8
SD4600515,MIDLAND HEIGHTS,Community water system,Ground water,Meade,"BLACK HAWK, RAPID CITY",130,4,11,8
SD4600207,MILBANK,Community water system,Ground water,Grant,MILBANK,3353,10,2,8
SD4600211,MILLER,Community water system,Surface water purchased,Hand,MILLER,1489,12,11,8
SD4600501,MINA LAKE SANITARY DISTRICT,Community water system,Surface water purchased,Edmunds,"ABERDEEN, MINA",838,3,16,9
SD4600432,MINNEHAHA COMMUNITY WATER CORP,Community water system,Ground water,"Lincoln, McCook, Minnehaha",DELL RAPIDS,12805,38,4,10
SD4600212,MISSION HILL,Community water system,Surface water purchased,Yankton,"MISSION HILL, YANKTON",177,1,18,8
SD4600214,MITCHELL,Community water system,Surface water purchased,Davison,MITCHELL,15539,8,37,9
SD4600215,MOBRIDGE,Community water system,Surface water,Walworth,MOBRIDGE,3465,6,21,8
SD4600217,MONTROSE,Community water system,Ground water purchased,McCook,MONTROSE,483,5,130,6
SD4600218,MORRISTOWN,Community water system,Ground water,Corson,MORRISTOWN,55,8,132,9
SD4600220,MOUNT VERNON,Community water system,Surface water purchased,Davison,MOUNT VERNON,462,6,12,8
SD4602169,MOUNTAIN PLAINS 2 HOMEOWNERS ASSOC,Community water system,Ground water,Lawrence,SPEARFISH,268,11,85,4
SD4600221,MURDO,Community water system,Surface water purchased,Jones,MURDO,488,9,9,8
SD4600013,NEW EFFINGTON,Community water system,Ground water purchased,Roberts,NEW EFFINGTON,256,6,20,9
SD4600224,NEW UNDERWOOD,Community water system,Ground water,Pennington,NEW UNDERWOOD,750,8,37,10
SD4602081,NEWDALE COLONY,Community water system,Ground water,Brookings,ELKTON,84,9,25,9
SD4600222,NEWELL,Community water system,Ground water,Butte,NEWELL,603,14,20,8
SD4602029,NEWPORT COLONY,Community water system,Ground water,Marshall,CLAREMONT,125,11,125,7
SD4600225,NISLAND,Community water system,Ground water,Butte,NISLAND,232,4,211,12
SD4602349,NORRIS PEAK WATER USERS ASSOC,Community water system,Ground water,Pennington,"BLACK HAWK, RAPID CITY",30,4,0,1
SD4600226,NORTH SIOUX CITY,Community water system,Ground water,Union,NORTH SIOUX CITY,2530,19,34,10
SD4600514,NORTHDALE SANITARY DISTRICT,Community water system,Ground water,"Meade, Pennington","BLACK HAWK, PIEDMONT, RAPID CITY",1075,5,4,7
SD4602289,NORTHERN LIGHTS MOBILE HOME PARK,Community water system,Surface water purchased,Yankton,YANKTON,57,3,9,3
SD4600227,NORTHVILLE,Community water system,Surface water purchased,Spink,NORTHVILLE,143,7,31,9
SD4602342,NORTHWOOD FIRST SUBDIVISION,Community water system,Surface water purchased,Brown,ABERDEEN,55,3,1,2
SD4600228,NUNDA,Community water system,Ground water,Lake,NUNDA,43,3,24,8
SD4600229,OACOMA,Community water system,Surface water,Lyman,OACOMA,451,8,12,9
SD4602154,OAHE ACRES,Community water system,Surface water purchased,Hughes,"MILLER, PIERRE",93,4,6,6
SD4602151,OAK MOUNTAIN COUNTRY ESTATES,Community water system,Ground water,Lawrence,"BLACK HAWK, DEADWOOD",70,6,121,6
SD4602135,OAKS WATER USERS ASSOCIATION,Community water system,Ground water,Pennington,RAPID CITY,180,6,65,6
SD4600230,OELRICHS,Community water system,Ground water purchased,Fall River,OELRICHS,126,4,26,8
SD4600231,OLDHAM,Community water system,Ground water purchased,Kingsbury,"ARLINGTON, OLDHAM",133,6,11,10
SD4600233,ONIDA,Community water system,Surface water purchased,Sully,ONIDA,658,11,65,8
SD4602310,OWANKA RURAL WATER SYSTEM,Community water system,Ground water,Pennington,"BLACK HAWK, OWANKA",52,3,8,2
SD4602323,PARADISE WATER COMPANY LLC,Community water system,Surface water purchased,Lawrence,"LEAD, SIOUX FALLS",55,7,0,2
SD4602351,PARAMOUNT POINT,Community water system,Ground water,Custer,HOT SPRINGS,26,2,0,2
SD4600235,PARKER,Community water system,Ground water purchased,Turner,PARKER,1022,9,44,9
SD4600236,PARKSTON,Community water system,Surface water purchased,Hutchinson,PARKSTON,1508,6,13,8
SD4602000,PEACEFUL PINES II,Community water system,Ground water,Meade,BLACK HAWK,102,2,69,7
SD4602073,PEARL CREEK COLONY,Community water system,Ground water,Beadle,"ABERDEEN, IROQUOIS",90,4,60,6
SD4600237,PEEVER,Community water system,Ground water purchased,Roberts,"BRITTON, PEEVER",168,6,10,8
SD4600354,PELICAN PLAZA,Community water system,Ground water,Codington,"RANCHO PALOS VERDE, WATERTOWN",100,8,130,8
SD4602228,PERKINS COUNTY RURAL WATER,Community water system,Surface water purchased,Perkins,BISON,450,2,0,4
SD4600238,PHILIP,Community water system,Surface water purchased,Haakon,PHILIP,779,8,34,9
SD4680001,PICKSTOWN,Community water system,Surface water purchased,Charles Mix,PICKSTOWN,201,4,8,6
SD4602303,PIEDMONT,Community water system,Ground water purchased,Meade,PIEDMONT,512,1,2,2
SD4600241,PIERPONT,Community water system,Ground water purchased,Day,PIERPONT,135,9,9,8
SD4600242,PIERRE,Community water system,Ground water,Hughes,PIERRE,13938,30,6,10
SD4602326,PILLAR PEAK,Community water system,Ground water,Lawrence,"DEADWOOD, SPEARFISH",25,3,0,1
SD4600270,PINE CLIFF ESTATES,Community water system,Ground water,Pennington,"BLACK HAWK, RAPID CITY",180,4,51,7
SD4602179,PINE CONE ESTATES,Community water system,Ground water,Meade,"PIEDMONT, STURGIS",42,4,26,3
SD4600948,PINE GROVE,Community water system,Ground water,Pennington,RAPID CITY,312,2,13,5
SD4600041,PINE HILLS PARK,Community water system,Ground water purchased,Meade,BLACK HAWK,200,5,90,9
SD4600624,PINE LAKE HILLS,Community water system,Ground water,Minnehaha,SIOUX FALLS,320,6,21,7
SD4602153,PINEVIEW WATER ASSOCIATION,Community water system,Ground water,Pennington,RAPID CITY,25,3,10,5
SD4600259,PLAINSVIEW MOBILE MANOR,Community water system,Ground water,Pennington,"BOX ELDER, ORANGEVALE, RAPID CITY",210,6,119,8
SD4600245,PLANKINTON,Community water system,Surface water purchased,Aurora,PLANKINTON,726,8,23,9
SD4600246,PLATTE,Community water system,Surface water purchased,Charles Mix,PLATTE,1230,3,9,8
SD4602086,PLEASANT VALLEY COLONY,Community water system,Ground water,Moody,"ABERDEEN, FLANDREAU",107,12,109,8
SD4600404,PLEASANT VALLEY ESTATES,Community water system,Surface water purchased,Brown,ABERDEEN,105,1,8,8
SD4602172,PLEASANT VALLEY HOMEOWNERS ASSOCIATI,Community water system,Ground water,Meade,"PIEDMONT, STRUGIS, STURGIS",122,2,111,5
SD4600247,POLLOCK,Community water system,Surface water purchased,Campbell,POLLOCK,241,5,10,6
SD4600260,PONDEROSA MOBILE HOME RANCH,Community water system,Ground water,Pennington,RAPID CITY,75,2,6,7
SD4600405,PONDEROSA PARK,Community water system,Ground water,Pennington,RAPID CITY,31,3,91,7
SD4600863,PONDEROSA RIDGE,Community water system,Ground water,Pennington,RAPID CITY,90,3,48,8
SD4602134,PONDEROSA WATER COMPANY,Community water system,Ground water,Pennington,RAPID CITY,25,4,45,5
SD4600014,PRAIRIE ACRES LLC,Community water system,Ground water,Pennington,RAPID CITY,325,4,56,7
SD4600884,PRAIRIE ACRES NORTH,Community water system,Ground water,Pennington,RAPID CITY,292,4,101,8
SD4600428,PRAIRIE ACRES SOUTH,Community water system,Ground water,Pennington,RAPID CITY,168,3,126,7
SD4602125,PRAIRIEWOOD PROPERTY OWNERS,Community water system,Surface water purchased,Brown,ABERDEEN,288,4,5,7
SD4600248,PRESHO,Community water system,Surface water purchased,Lyman,PRESHO,497,8,20,9
SD4600396,PROVO AREA WATER SYSTEM,Community water system,Ground water,Fall River,EDGEMONT,42,5,194,9
SD4600250,PUKWANA,Community water system,Surface water purchased,Brule,"CHAMBERLAIN, PUKWANA",285,3,31,8
SD4602127,QUAAL WATER ASSOCIATION,Community water system,Ground water,Meade,BLACK HAWK,83,3,8,5
SD4600252,RAMONA,Community water system,Ground water,Lake,RAMONA,174,7,89,8
SD4600433,RANDALL COMMUNITY WATER DISTRICT,Community water system,Surface water,Charles Mix,"LAKE ANDES, WAGNER",4238,21,5,6
SD4600406,RAPID CITY,Community water system,Groundwater under influence of surface water,Pennington,RAPID CITY,66481,48,6,7
SD4600274,RAPID VALLEY SANITARY DISTRICT,Community water system,Surface water,Pennington,RAPID CITY,9075,14,7,9
SD4600276,RAYMOND,Community water system,Ground water purchased,Clark,RAYMOND,50,3,35,6
SD4602352,RED WILLOW COLONY,Community water system,Ground water,Brookings,"ABERDEEN, WHITE",64,4,4,2
SD4600277,REDFIELD,Community water system,Surface water purchased,Spink,REDFIELD,2333,8,3,8
SD4600278,REE HEIGHTS,Community water system,Surface water purchased,Hand,REE HEIGHTS,70,6,43,9
SD4602210,RENDEZVOUS RANCH,Community water system,Ground water,Lawrence,BLACK HAWK,195,4,51,4
SD4600160,REYNOLDS COURT,Community water system,Ground water,Pennington,SPEARFISH,28,6,95,4
SD4600504,RICHMOND HEIGHTS HOMEOWNERS ASSOCIAT,Community water system,Surface water purchased,Brown,ABERDEEN,67,2,16,8
SD4602356,RIMROCK HEIGHTS HOMEOWNERS ASSOCIATI,Community water system,Ground water,Pennington,RAPID CITY,28,4,0,1
SD4602231,RIMROCK HIGHLAND ESTATES COMM ASSOC,Community water system,Ground water,Meade,"PIEDMONT, RAPID CITY",68,4,1,2
SD4602084,RIMROCK RIDGE WATER ASSOCIATION,Community water system,Ground water,Pennington,RAPID CITY,35,4,49,6
SD4602040,RIVERSIDE COLONY,Community water system,Ground water,Beadle,"ABERDEEN, HURON",80,5,203,6
SD4600508,RIVERSIDE MOBILE HOME COURT,Community water system,Ground water purchased,Butte,SPEARFISH,60,1,65,8
SD4602249,ROLLING DICE SUBDIVISION,Community water system,Ground water,Meade,PIEDMONT,120,4,1,2
SD4600620,ROLLING MEADOWS,Community water system,Surface water purchased,Brown,ABERDEEN,78,1,6,9
SD4600282,ROSCOE,Community water system,Surface water purchased,Edmunds,ROSCOE,329,8,5,9
SD4600283,ROSHOLT,Community water system,Ground water,Roberts,ROSHOLT,408,7,147,8
SD4600284,ROSLYN,Community water system,Surface water purchased,Day,ROSLYN,183,6,32,9
SD4602212,RUSHMORE RANCH ESTATES,Community water system,Ground water,Pennington,BLACK HAWK,128,5,31,4
SD4600546,SACORA MOBILE HOME PARK,Community water system,Ground water purchased,Meade,"PIEDMONT, STURGIS",42,4,221,8
SD4600286,SAINT LAWRENCE,Community water system,Surface water purchased,Hand,"MILLER, SAINT LAWRENCE",198,7,115,9
SD4600287,SAINT ONGE SEWER & WATER CO,Community water system,Ground water,Lawrence,"SPEARFISH, ST ONGE",255,5,73,9
SD4600288,SALEM,Community water system,Ground water,McCook,SALEM,1347,9,34,8
SD4602220,SANDSTONE WATER-WEST ADDITION,Community water system,Ground water purchased,Butte,BELLE FOURCHE,300,2,3,2
SD4600290,SCOTLAND,Community water system,Surface water purchased,Bon Homme,SCOTLAND,841,5,2,7
SD4600291,SELBY,Community water system,Surface water purchased,Walworth,SELBY,642,8,24,9
SD4600292,SENECA,Community water system,Surface water purchased,Faulk,SENECA,38,5,17,8
SD4602267,SHAMROCK COLONY,Community water system,Ground water,Clark,"ABERDEEN, CARPENTER",75,3,84,4
SD4602285,"SHERIDAN LAKE HIGHLANDS, INC.",Community water system,Ground water,Pennington,"PIEDMONT, RAPID CITY",66,5,16,2
SD4602232,SHIRT TAIL GULCH DEVELOPMENT,Community water system,Ground water,Lawrence,"CLAY CENTER, DEADWOOD, LEAD",60,5,175,3
SD4600294,SIOUX FALLS,Community water system,Surface water,Minnehaha,SIOUX FALLS,173300,88,4,7
SD4600866,SIOUX RURAL WATER SYSTEM,Community water system,Ground water,"Clark, Codington, Deuel, Hamlin","GOODWIN, WATERTOWN",4000,29,0,7
SD4600272,SIPHON HILL WATER ASSOCIATION,Community water system,Ground water,Pennington,RAPID CITY,65,4,352,10
SD4600310,SISSETON,Community water system,Ground water,Roberts,SISSETON,2470,9,5,9
SD4600297,SKYLINE HEIGHTS,Community water system,Surface water purchased,Minnehaha,SIOUX FALLS,126,6,22,7
SD4600384,SLICE HOLDINGS,Community water system,Ground water,Custer,CUSTER,25,10,9,7
SD4600627,SOUTH CANYON COUNTRY ESTATES,Community water system,Ground water,Pennington,RAPID CITY,420,8,10,10
SD4600870,SOUTH LINCOLN RURAL WATER SYSTEM,Community water system,Ground water,"Lincoln, Turner, Union","BERESFORD, WORTHING",4404,17,29,7
SD4602068,SOUTH SHORE,Community water system,Ground water,Codington,SOUTH SHORE,180,7,51,9
SD4600072,SOUTHBROOK ESTATES,Community water system,Ground water,Brookings,BROOKINGS,50,4,734,7
SD4602309,SOUTHERN BLACK HILLS WATER,Community water system,Ground water,"Custer, Fall River","BUFFALO GAP, HOT SPRINGS",350,5,0,2
SD4600311,SPEARFISH,Community water system,Ground water,Lawrence,SPEARFISH,10697,20,8,8
SD4600875,SPEARFISH MEADOWS,Community water system,Ground water,Lawrence,SPEARFISH,87,11,169,8
SD4600625,SPEARFISH VALLEY MOBILE ESTATES,Community water system,Ground water,Lawrence,"SPEARFISH, WHITEWOOD",155,6,9,8
SD4600407,SPENCER,Community water system,Surface water purchased,McCook,SPENCER,154,6,33,8
SD4602059,SPINK COLONY,Community water system,Ground water,Spink,"ABERDEEN, FRANKFORT",100,7,103,7
SD4600015,SPRING CANYON WATER COMPANY,Community water system,Ground water,Pennington,"PIEDMONT, RAPID CITY",89,6,6,7
SD4602252,SPRING CREEK ACRES,Community water system,Ground water,Custer,"BLACK HAWK, HOT SPRINGS",145,4,16,2
SD4602089,SPRING CREEK SANITARY DISTRICT,Community water system,Surface water purchased,Hughes,PIERRE,465,7,28,6
SD4602076,SPRING LAKE COLONY,Community water system,Ground water,Kingsbury,ARLINGTON,120,4,135,7
SD4600317,SPRINGFIELD,Community water system,Surface water,Bon Homme,SPRINGFIELD,1989,6,21,6
SD4602159,STAGEBARN SANITARY DISTRICT,Community water system,Ground water purchased,Meade,"BLACK HAWK, RAPID CITY",293,7,24,4
SD4600318,STICKNEY,Community water system,Surface water purchased,Aurora,STICKNEY,300,3,5,10
SD4602191,STRAT-O-RIM ESTATES WATER COMPANY,Community water system,Ground water,Pennington,RAPID CITY,165,6,234,4
SD4600408,STRATFORD,Community water system,Surface water purchased,Brown,"ABERDEEN, STRATFORD",72,2,30,8
SD4600321,STURGIS,Community water system,Ground water,Meade,STURGIS,6627,20,29,9
SD4600326,SUMMIT,Community water system,Ground water,Roberts,SUMMIT,288,6,59,9
SD4602270,SUN VALLEY DEVELOPMENT,Community water system,Ground water,Meade,"PIEDMONT, RAPID CITY",385,5,1,2
SD4602001,SUNNYSIDE MOBILE HOME PARK II,Community water system,Ground water,Pennington,"BLACK HAWK, RAPID CITY",250,4,32,6
SD4600512,SUNRISE HOMEOWNERS ASSOCIATION,Community water system,Ground water,Lawrence,SPEARFISH,50,3,159,9
SD4602025,SUNSET COLONY,Community water system,Ground water,Marshall,"ABERDEEN, BRITTON",155,7,151,8
SD4602263,SUNSET RANCH,Community water system,Ground water,Pennington,"PIEDMONT, RAPID CITY",150,3,23,2
SD4601029,SUNSHINE BIBLE ACADEMY,Community water system,Surface water purchased,Hand,MILLER,240,8,123,7
SD4600143,T C & G RURAL WATER SYSTEM,Community water system,Ground water,Dewey,"GLENCROSS, MOBRIDGE",170,14,59,9
SD4600327,TABOR,Community water system,Surface water purchased,Bon Homme,TABOR,423,5,4,8
SD4600409,TEA,Community water system,Ground water purchased,Lincoln,TEA,4750,9,8,8
SD4600053,TERRY TROJAN WATER DISTRICT,Community water system,Ground water,Lawrence,"BLACK HAWK, DEADWOOD, LEAD",400,8,147,7
SD4600023,THE MEADOWS,Community water system,Surface water purchased,Brown,ABERDEEN,80,4,111,10
SD4602203,THE RANCH AT BLACK GAP,Community water system,Ground water,Pennington,RAPID CITY,305,4,1,4
SD4600513,THRALL MTN. PROPERTY OWNERS ASSOCIAT,Community water system,Ground water,Pennington,"BLACK HAWK, RAPID CITY",70,5,40,6
SD4600411,TIMBER LAKE,Community water system,Ground water,Dewey,TIMBER LAKE,435,13,103,8
SD4600412,TIMBERLAND PARK,Community water system,Surface water purchased,Yankton,YANKTON,140,2,74,6
SD4602272,TIMBERWOOD PARK ESTATES,Community water system,Ground water,Meade,"PIEDMONT, RAPID CITY",75,5,1,2
SD4600999,TM RURAL WATER DISTRICT,Community water system,Ground water,"McCook, Turner","PARKER, SIOUX FALLS",3825,20,3,8
SD4600331,TOLSTOY,Community water system,Surface water purchased,Potter,TOLSTOY,36,4,85,8
SD4600333,TRENT,Community water system,Ground water purchased,Moody,TRENT,232,5,57,8
SD4600112,TRI-COUNTY RURAL WATER SYSTEM,Community water system,Surface water,"Dewey, Meade, Ziebach","EAGLE BUTTE, RIDGEVIEW",2880,42,64,10
SD4602209,TRIPLE T MOBILE HOME PARK,Community water system,Ground water,Custer,CUSTER,74,4,210,2
SD4600334,TRIPP,Community water system,Ground water,Hutchinson,TRIPP,647,8,92,7
SD4600520,TRIPP COUNTY WATER USER DISTRICT,Community water system,Ground water,"Gregory, Lyman, Mellette, Todd, Tripp","HAMILL, WINNER",4844,35,57,9
SD4600335,TULARE,Community water system,Surface water purchased,Spink,TULARE,217,5,23,9
SD4600337,TYNDALL,Community water system,Surface water purchased,Bon Homme,TYNDALL,1067,6,4,9
SD4602286,UNITED ORDER OF SOUTH DAKOTA,Community water system,Ground water,Custer,HOT SPRINGS,75,5,25,2
SD4600075,UNIVERSITY ESTATES,Community water system,Ground water purchased,Brookings,BROOKINGS,150,3,27,7
SD4602077,UPLAND COLONY,Community water system,Ground water,Sanborn,"ABERDEEN, ARTESIAN",150,5,155,7
SD4600338,UTICA,Community water system,Surface water purchased,Yankton,"UTICA, YANKTON",65,3,14,7
SD4600415,VALE SANITARY DISTRICT,Community water system,Ground water purchased,Butte,VALE,120,4,35,12
SD4602211,VALHALLA ADDITION,Community water system,Ground water,Lawrence,"BLACK HAWK, STURGIS",38,5,119,4
SD4602361,VALLEY HEIGHTS ESTATES INC,Community water system,Ground water purchased,Pennington,"RAPID CITY, WESTMINSTER",320,3,3,1
SD4600340,VALLEY SPRINGS,Community water system,Ground water,Minnehaha,VALLEY SPRINGS,800,7,11,8
SD4600300,VALLEY VIEW ESTATES,Community water system,Ground water,Minnehaha,SIOUX FALLS,205,4,11,7
SD4600040,VALLEY VIEW WATER COMPANY,Community water system,Ground water,Meade,"BLACK HAWK, RAPID CITY",248,4,27,7
SD4600341,VEBLEN,Community water system,Ground water purchased,Marshall,VEBLEN,526,6,85,8
SD4600342,VERMILLION,Community water system,Ground water,Clay,VERMILLION,10571,13,2,8
SD4600343,VIBORG,Community water system,Ground water purchased,Turner,VIBORG,782,6,14,7
SD4602287,VIEWFIELD RURAL WATER SYSTEM,Community water system,Ground water,Meade,"BLACK HAWK, NEW UNDERWOOD",150,7,17,2
SD4600346,VOLGA,Community water system,Ground water,Brookings,VOLGA,1768,10,7,8
SD4600347,VOLIN,Community water system,Surface water purchased,Yankton,VOLIN,161,3,10,6
SD4600348,WAGNER,Community water system,Surface water purchased,Charles Mix,WAGNER,1566,3,7,7
SD4602071,WAGON WHEEL MOBILE HOME PARK,Community water system,Ground water purchased,Pennington,RAPID CITY,90,6,43,8
SD4600349,WAKONDA,Community water system,Ground water purchased,Clay,WAKONDA,321,4,6,8
SD4600417,WALL,Community water system,Ground water,Pennington,WALL,766,15,28,8
SD4600350,WALLACE,Community water system,Ground water purchased,Codington,WALLACE,78,7,50,8
SD4600316,WALNUT PARK,Community water system,Ground water,Lawrence,SPEARFISH,180,6,69,8
SD4600418,WARNER,Community water system,Surface water purchased,Brown,WARNER,496,5,10,8
SD4600352,WASTA,Community water system,Ground water,Pennington,"WALL, WASTA",80,5,61,8
SD4600356,WATERTOWN MUNICIPAL UTILITIES,Community water system,Ground water,Codington,WATERTOWN,21482,52,4,6
SD4600357,WAUBAY,Community water system,Ground water,Day,WAUBAY,576,5,67,9
SD4601089,WEB WATER DEVELOPMENT ASSOCIATION,Community water system,Surface water,"Brown, Campbell, Day, Edmunds, Faulk, Marshall, McPherson, Potter, Spink, Walworth","ABERDEEN, EUREKA",14000,31,4,8
SD4600360,WEBSTER,Community water system,Surface water purchased,Day,WEBSTER,1886,8,6,7
SD4600419,WENTWORTH,Community water system,Ground water purchased,Lake,"EGAN, WENTWORTH",171,3,35,9
SD4600361,WESSINGTON,Community water system,Surface water purchased,"Beadle, Hand",WESSINGTON,175,6,46,9
SD4600362,WESSINGTON SPRINGS,Community water system,Ground water,Jerauld,WESSINGTON SPRINGS,956,8,4,6
SD4602260,WEST NIKE SUBDIVISION,Community water system,Ground water purchased,Meade,RAPID CITY,50,4,0,2
SD4600253,WESTBERRY TRAILS WATER USERS ASSOC,Community water system,Ground water,Pennington,"PIEDMONT, RAPID CITY",152,3,75,4
SD4600521,WESTFIELD ADDITION,Community water system,Ground water,Lawrence,SPEARFISH,104,3,80,8
SD4600862,WESTON HEIGHTS SANITARY DISTRICT,Community water system,Ground water,Meade,RAPID CITY,372,4,9,9
SD4600179,WESTPORT SANITARY DISTRICT,Community water system,Surface water purchased,Brown,"ABERDEEN, WESTPORT",125,1,9,7
SD4600876,WESTVIEW HOMEOWNERS ASSOCIATION,Community water system,Ground water,Lawrence,SPEARFISH,103,5,13,7
SD4602353,WESTWOOD COLONY,Community water system,Ground water,Marshall,"ABERDEEN, BRITTON",110,6,6,2
SD4600268,WHISPERING PINES WATER ASSOCIATION,Community water system,Ground water,Pennington,RAPID CITY,45,4,144,6
SD4602094,WHISPERING WILLOWS,Community water system,Ground water purchased,Pennington,"BLACK HAWK, RAPID CITY",90,5,49,7
SD4600364,WHITE,Community water system,Ground water purchased,Brookings,WHITE,485,3,6,8
SD4600366,WHITE LAKE,Community water system,Surface water purchased,Aurora,WHITE LAKE,372,4,5,8
SD4600367,WHITE RIVER,Community water system,Surface water purchased,Mellette,"VALENTINE, WHITE RIVER",581,11,24,8
SD4602027,WHITE ROCK COLONY,Community water system,Ground water,Roberts,"ABERDEEN, ROSHOLT",100,7,203,7
SD4600368,WHITEWOOD,Community water system,Ground water,Lawrence,WHITEWOOD,927,13,45,9
SD4602354,WHITEWOOD FOREST ACRES,Community water system,Ground water purchased,Lawrence,WHITEWOOD,90,1,1,1
SD4602281,WILD TURKEY ESTATES I,Community water system,Ground water,Lawrence,SPEARFISH,29,3,0,1
SD4602282,WILD TURKEY ESTATES II,Community water system,Ground water,Lawrence,SPEARFISH,45,4,0,1
SD4602257,WILEN ENTERPRISES WATER,Community water system,Ground water,Butte,BELLE FOURCHE,0,3,0,2
SD4600370,WILLOW LAKE,Community water system,Ground water,Clark,WILLOW LAKE,275,6,19,8
SD4600371,WILMOT,Community water system,Ground water purchased,Roberts,WILMOT,492,5,55,7
SD4600373,WINNER,Community water system,Ground water,Tripp,WINNER,3100,12,12,9
SD4600375,WOLSEY,Community water system,Surface water purchased,Beadle,WOLSEY,376,5,48,8
SD4600421,WONDERLAND HOMES,Community water system,Ground water,Meade,"PIEDMONT, RAPID CITY",750,5,12,8
SD4600042,WOODLAND HILLS SANITARY DISTRICT,Community water system,Ground water,Meade,BLACK HAWK,255,9,27,8
SD4600376,WOONSOCKET,Community water system,Ground water,Sanborn,WOONSOCKET,655,6,60,8
SD4600377,WORTHING,Community water system,Ground water purchased,Lincoln,WORTHING,877,6,52,7
SD4602156,WR/LJ - CREIGHTON PROJECT,Community water system,Ground water,"Jones, Pennington","MURDO, PHILIP",1082,19,0,4
SD4602223,WR/LJ - MNI WICONI,Community water system,Surface water purchased,"Jones, Lyman, Stanley",MURDO,4871,10,1,2
SD4602224,WR/LJ - NORTH STANLEY COUNTY,Community water system,Surface water purchased,Stanley,MURDO,2396,15,1,2
SD4600423,YANKTON,Community water system,Surface water,Yankton,YANKTON,14700,9,28,6
SD4602121,BLACK HILLS CHILDREN'S HOME,Non-Transient non-community system,Ground water,Pennington,"RAPID CITY, SIOUX FALLS",95,4,40,6
SD4680000,BOXELDER CIVILIAN CONSERVATION CTR,Non-Transient non-community system,Ground water,Lawrence,NEMO,220,5,6,6
SD4602150,COCA COLA BOTTLING CO,Non-Transient non-community system,Ground water,Pennington,RAPID CITY,75,3,38,5
SD4602290,CREATIVE KIDS TOO PRESCHOOL & DAYCAR,Non-Transient non-community system,Ground water,Pennington,"PIEDMONT, RAPID CITY",87,3,7,2
SD4600774,CSP-GAME LODGE,Non-Transient non-community system,Ground water,Custer,CUSTER,751,8,0,6
SD4600640,ENNING ELEMENTARY SCHOOL,Non-Transient non-community system,Ground water,Meade,STURGIS,30,3,5,6
SD4600925,FLYING J TRAVEL PLAZA,Non-Transient non-community system,Ground water,Pennington,"BLACK HAWK, RAPID CITY",560,4,51,6
SD4600643,GCC DACOTAH - EAST/WEST/NORTH,Non-Transient non-community system,Ground water,Pennington,RAPID CITY,100,5,10,12
SD4602070,GCC DACOTAH-NORTH QUARRY WELL,Non-Transient non-community system,Ground water,Pennington,RAPID CITY,35,3,0,8
SD4602308,KLEIN SCHOOL,Non-Transient non-community system,Ground water,Todd,MISSION,25,3,9,2
SD4600939,LAKEVIEW ELEMENTARY SCHOOL,Non-Transient non-community system,Ground water,Todd,MISSION,75,3,101,6
SD4600547,LAUGHING WATER RESTAURANT AT CRAZY H,Non-Transient non-community system,Ground water,Custer,"CRAZY HORSE, CUSTER",2055,13,40,7
SD4600940,LONG VALLEY ELEMENTARY SCHOOL,Non-Transient non-community system,Ground water,Jackson,KADOKA,48,2,19,9
SD4680046,NPS-MOUNT RUSHMORE NATIONAL MEMORIAL,Non-Transient non-community system,Ground water,Pennington,KEYSTONE,4100,9,22,6
SD4680047,NPS-WIND CAVE NATIONAL PARK,Non-Transient non-community system,Ground water,Custer,HOT SPRINGS,465,11,5,6
SD4602242,SANBORN CENTRAL SCHOOL DISTRICT,Non-Transient non-community system,Ground water,Sanborn,FORESTBURG,219,2,69,2
SD4602313,SPEARFISH FOREST PRODUCTS,Non-Transient non-community system,Ground water,Lawrence,SPEARFISH,205,4,0,2
SD4600055,STATE VETERANS HOME,Non-Transient non-community system,Ground water,Fall River,HOT SPRINGS,205,7,48,9
SD4680083,USFS - NEMO WATER SYSTEM,Non-Transient non-community system,Ground water,Lawrence,"CUSTER, SPEARFISH",31,9,13,4
SD4600933,WHARF RESOURCES WATER SYSTEM,Non-Transient non-community system,Ground water,Lawrence,LEAD,200,9,31,6
SD4600615,AMERICAN BUFFALO RESORT,Transient non-community system,Ground water,Pennington,RAPID CITY,200,6,25,7
SD4600646,BADLANDS/WHITE RIVER KOA KAMPGROUND,Transient non-community system,Ground water,Jackson,INTERIOR,183,8,19,7
SD4600648,BATTLE CREEK RESORT,Transient non-community system,Ground water,McCook,CANISTOTA,50,5,27,5
SD4600528,BEAR COUNTRY USA,Transient non-community system,Ground water,Pennington,"BLACK HAWK, RAPID CITY",1021,9,79,6
SD4600529,BEAVER LAKE CAMPGROUND,Transient non-community system,Ground water,Custer,CUSTER,300,6,21,6
SD4600100,BHHEC-HILLSIDE LODGE,Transient non-community system,Ground water,Custer,HERMOSA,25,3,6,2
SD4600095,BHHEC-MAIN LODGE,Transient non-community system,Ground water,Custer,HERMOSA,25,6,11,5
SD4600532,BIG PINE CAMPGROUND,Transient non-community system,Ground water,Custer,CUSTER,111,3,1,7
SD4602207,BJ'S HERMOSA,Transient non-community system,Ground water,Custer,BLACK HAWK,150,3,9,6
SD4600906,BLACK HILLS CABINS AND MOTEL @ QUAIL,Transient non-community system,Ground water,Pennington,HILL CITY,59,4,18,5
SD4600595,BLACK HILLS CHAIRLIFT,Transient non-community system,Ground water,Lawrence,"BLACK HAWK, LEAD",150,5,6,7
SD4602104,BLACK HILLS MAZE,Transient non-community system,Ground water,Pennington,RAPID CITY,150,3,1,3
SD4602227,BLACK HILLS NATIONAL CEMETERY,Transient non-community system,Ground water,Meade,STURGIS,30,3,4,3
SD4602196,BLUE WING RECREATION AREA,Transient non-community system,Ground water,Pennington,"HILL CITY, RAPID CITY",200,6,1,3
SD4602246,BOONDOCKS ADVENTURES,Transient non-community system,Ground water,Lawrence,DEADWOOD,50,9,9,1
SD4600534,BOULDER CANYON COUNTRY CLUB,Transient non-community system,Ground water,Lawrence,STURGIS,100,3,26,7
SD4602337,BROKEN ARROW HORSE CAMP,Transient non-community system,Ground water,Custer,CUSTER,72,2,6,1
SD4600537,CALAMITY PEAK LODGE,Transient non-community system,Ground water,Custer,CUSTER,28,5,8,7
SD4680055,CAMP BOB MARSHALL,Transient non-community system,Ground water,Custer,"CUSTER, HERMOSA",80,4,11,5
SD4600964,CAMP JUDSON,Transient non-community system,Ground water,Pennington,"KEYSTONE, SIOUX FALLS",110,3,2,4
SD4601036,CAMP RIMROCK - PRESBYTERY OF SOUTH D,Transient non-community system,Ground water,Pennington,"ONIDA, RAPID CITY",25,3,14,8
SD4602230,CAMP VOLUNTEER,Transient non-community system,Ground water,Custer,CUSTER,35,4,6,2
SD4600908,CANYON LAKE RESORT,Transient non-community system,Ground water,Pennington,RAPID CITY,60,3,15,5
SD4601004,CARPENTER CAFE,Transient non-community system,Ground water,Clark,CARPENTER,25,2,7,7
SD4601062,CEDAR CANYON WESLEYAN CAMP,Transient non-community system,Ground water,Pennington,RAPID CITY,62,6,35,5
SD4602221,CHAPEL IN THE HILLS,Transient non-community system,Ground water,Pennington,RAPID CITY,200,2,3,3
SD4600540,CHEYENNE CROSSING STORE,Transient non-community system,Ground water,Lawrence,LEAD,150,4,10,6
SD4600655,CHRIS' CAMP,Transient non-community system,Ground water,Lawrence,SPEARFISH,50,5,5,5
SD4680103,COE-COTTONWOOD SPRINGS,Transient non-community system,Ground water,Fall River,"CHAMBERLAIN, HOT SPRINGS",25,5,19,5
SD4680036,COE-LK S/LEFT TAILRACE,Transient non-community system,Ground water,Buffalo,CHAMBERLAIN,25,4,1,6
SD4602305,COSMOS MYSTERY AREA,Transient non-community system,Ground water,Pennington,RAPID CITY,600,5,14,1
SD4602340,COUNTRY STORE AT THE FORKS,Transient non-community system,Ground water,Pennington,RAPID CITY,500,3,2,1
SD4602102,CREEKSIDE COUNTRY RESORT,Transient non-community system,Ground water,Pennington,HILL CITY,130,4,8,5
SD4600527,CROOKED CREEK CAMPGROUND-NORTH WELL,Transient non-community system,Ground water,Pennington,HILL CITY,203,3,20,6
SD4602171,CROOKED CREEK CAMPGROUND-SOUTH WELL,Transient non-community system,Ground water,Pennington,HILL CITY,120,3,14,4
SD4600771,CSP-BLUE BELL,Transient non-community system,Ground water,Custer,CUSTER,413,6,0,7
SD4600773,CSP-CENTER LAKE & PLAYHOUSE,Transient non-community system,Ground water,Custer,CUSTER,120,9,0,7
SD4600136,CSP-FRENCH CREEK HORSE CAMP,Transient non-community system,Ground water,Custer,CUSTER,32,5,6,6
SD4600049,CSP-HIDDEN VALLEY,Transient non-community system,Ground water,Custer,CUSTER,45,5,34,7
SD4600775,CSP-LEGION LAKE,Transient non-community system,Ground water,Custer,CUSTER,278,9,0,7
SD4600777,CSP-PARK SHOP,Transient non-community system,Ground water,Custer,CUSTER,50,7,0,4
SD4600779,CSP-STOCKADE LAKE CG-NORTH,Transient non-community system,Ground water,Custer,CUSTER,44,6,0,5
SD4600778,CSP-STOCKADE LAKE CG-SOUTH,Transient non-community system,Ground water,Custer,CUSTER,83,7,0,5
SD4600780,CSP-SYLVAN LAKE,Transient non-community system,Ground water,Custer,CUSTER,762,9,0,5
SD4602087,CSP-WILDLIFE STATION VC,Transient non-community system,Ground water,Custer,CUSTER,297,3,0,6
SD4600610,CUSTER MOUNTAIN CAMPGROUND,Transient non-community system,Ground water,Custer,CUSTER,100,4,30,5
SD4602243,CUSTER'S GULCH RV PARK,Transient non-community system,Ground water,Custer,CUSTER,50,5,1,1
SD4600650,CUSTER-MOUNT RUSHMORE KOA,Transient non-community system,Ground water,Custer,CUSTER,90,6,56,5
SD4601061,DINOSAUR MUSEUM,Transient non-community system,Ground water,Pennington,"COLUMBUS, RAPID CITY",125,4,13,7
SD4600789,DOT REST AREA 119 - GLACIAL LAKES,Transient non-community system,Ground water,Roberts,"PIERRE, ROSHOLT",1000,4,2,7
SD4600810,DOT REST AREA 517A-SPEARFISH,Transient non-community system,Ground water,Meade,"PIERRE, RAPID CITY",300,5,8,6
SD4600630,ELK CREEK RESORT,Transient non-community system,Ground water,Meade,PIEDMONT,90,5,62,5
SD4600929,ELK CREEK STEAKHOUSE,Transient non-community system,Ground water,Meade,PIEDMONT,175,3,15,5
SD4600645,FISH-N-FRY CAMPGROUND,Transient non-community system,Ground water,Lawrence,"BLACK HAWK, DEADWOOD",90,3,16,5
SD4602236,FORT WELIKIT FAMILY CAMPGROUND,Transient non-community system,Ground water,Custer,CUSTER,60,4,1,1
SD4602346,FOUNDING FATHERS AT INDEPENDENCE HAL,Transient non-community system,Ground water,Pennington,RAPID CITY,25,4,2,1
SD4602367,FOUR MILE OLD WEST TOWN,Transient non-community system,Ground water,Custer,CUSTER,25,4,0,0
SD4602031,GAS LIGHT,Transient non-community system,Ground water,Pennington,"RAPID CITY, ROCKERVILLE",75,3,33,4
SD4602107,GFP-BEAR BUTTE TRAILHEAD,Transient non-community system,Ground water,Meade,STURGIS,40,3,3,4
SD4600846,GFP-BEAR BUTTE VISITOR'S CENTER,Transient non-community system,Ground water,Meade,STURGIS,202,4,5,5
SD4600921,GFP-WEST BEND RECREATION AREA,Transient non-community system,Ground water,Hughes,PIERRE,125,5,19,3
SD4602336,GILDED MOUNTAIN HOMEOWNERS ASSOCIATI,Transient non-community system,Ground water,Lawrence,"LEAD, SPEARFISH",45,5,1,2
SD4600568,GUADALAJARA MEXICAN RESTAURANT,Transient non-community system,Ground water,Lawrence,SPEARFISH,300,4,70,7
SD4602318,"H2O CLEAR SOLUTIONS, LLC",Transient non-community system,Ground water,Lawrence,"FLOWER MOUND, RAPID CITY",50,3,2,1
SD4600963,"HARNEY CAMP, INC.",Transient non-community system,Ground water,Pennington,CUSTER,25,2,35,5
SD4602229,HEARTLAND CAMPGROUND,Transient non-community system,Ground water,Custer,"BLACK HAWK, HERMOSA, RAPID CITY",395,3,11,1
SD4600172,HIDDEN VALLEY CAMPGROUND,Transient non-community system,Ground water,Lawrence,"BLACK HAWK, DEADWOOD",50,5,35,3
SD4602238,HIGH COUNTRY-HC WEST WELL,Transient non-community system,Ground water,Pennington,HILL CITY,125,6,1,1
SD4602239,HIGH COUNTRY-RS EAST WELL,Transient non-community system,Ground water,Pennington,HILL CITY,125,4,0,0
SD4680108,HILL CITY VISITOR CENTER,Transient non-community system,Ground water,Pennington,HILL CITY,38,3,0,1
SD4601019,HILLSIDE COUNTRY CABINS,Transient non-community system,Ground water,Pennington,RAPID CITY,49,2,29,5
SD4602273,HOLY SMOKE CABINS,Transient non-community system,Ground water,Pennington,KEYSTONE,40,6,3,2
SD4602200,HORSE CREEK INN-CABIN WELL,Transient non-community system,Ground water,Pennington,RAPID CITY,25,2,2,3
SD4602199,HORSE CREEK INN-CG WELL,Transient non-community system,Ground water,Pennington,RAPID CITY,25,2,3,3
SD4600904,HORSE CREEK INN-RESTAURANT WELL,Transient non-community system,Ground water,Pennington,RAPID CITY,90,2,16,5
SD4602253,HORSE THIEF CAMPGROUND,Transient non-community system,Ground water,Pennington,"CUSTER, HILL CITY",140,9,5,1
SD4600672,IRON CREEK LAKE STORE,Transient non-community system,Ground water,Lawrence,SPEARFISH,50,4,3,8
SD4600599,JOHNSON SIDING/RIMROCK TAVERN,Transient non-community system,Ground water,Pennington,RAPID CITY,100,2,15,9
SD4601049,KAMP KINSHIP 1,Transient non-community system,Ground water,Lawrence,DEADWOOD,25,4,14,4
SD4602297,KAMP KINSHIP 2,Transient non-community system,Ground water,Lawrence,DEADWOOD,25,3,3,1
SD4600562,KEMP'S KAMP EAST,Transient non-community system,Ground water,Pennington,KEYSTONE,48,9,23,9
SD4602312,KEMP'S KAMP MIDDLE,Transient non-community system,Ground water,Pennington,KEYSTONE,43,4,1,2
SD4602350,KEMP'S KAMP UPPER,Transient non-community system,Ground water,Pennington,KEYSTONE,26,2,0,1
SD4602315,KEMP'S KAMP WEST,Transient non-community system,Ground water,Pennington,KEYSTONE,40,4,1,2
SD4601039,KLEIN RANCH,Transient non-community system,Ground water,Corson,"SIOUX FALLS, TIMBER LAKE",45,2,19,5
SD4600679,LAKE PARK CAMPGROUND,Transient non-community system,Ground water,Pennington,RAPID CITY,25,3,8,5
SD4602114,LEWIE'S SALOON AND EATERY,Transient non-community system,Ground water,Lawrence,"LEAD, SPEARFISH",100,3,34,4
SD4601096,M-T CORNER,Transient non-community system,Ground water,Sanborn,"MADISON, WOONSOCKET",37,2,37,5
SD4602347,MCNENNY STATE FISH HATCHERY,Transient non-community system,Ground water,Lawrence,SPEARFISH,25,3,0,1
SD4601031,MEDICINE MOUNTAIN SCOUT CAMP,Transient non-community system,Ground water,Pennington,"BLACK HAWK, RAPID CITY",200,5,13,5
SD4601033,MOONSHINE GULCH SALOON,Transient non-community system,Ground water,Pennington,HILL CITY,25,2,5,5
SD4600695,MOUNTAIN MEADOW RESORT,Transient non-community system,Ground water,Pennington,HILL CITY,40,4,11,6
SD4600580,MOUNTAIN VIEW LODGE,Transient non-community system,Ground water,Pennington,RAPID CITY,68,4,63,7
SD4602296,MYSTIC HILLS HIDEAWAY EAST,Transient non-community system,Ground water,Lawrence,DEADWOOD,30,4,0,1
SD4602360,MYSTIC HILLS HIDEAWAY WEST,Transient non-community system,Ground water,Lawrence,DEADWOOD,25,4,0,0
SD4600606,MYSTIC VALLEY INN,Transient non-community system,Ground water,Custer,CUSTER,25,4,12,6
SD4600535,NEMO GUEST RANCH,Transient non-community system,Ground water,Lawrence,NEMO,65,7,90,8
SD4680044,NPS-JEWEL CAVE NATIONAL MONUMENT,Transient non-community system,Ground water,Custer,CUSTER,219,8,1,5
SD4601014,OUTLAW RANCH,Transient non-community system,Ground water,Custer,"CUSTER, WAUBAY",35,3,2,5
SD4602338,OVER THE EDGE BAR AND GRILL,Transient non-community system,Ground water,Harding,CAMP CROOK,25,2,3,1
SD4601069,PACTOLA PINES STORE,Transient non-community system,Ground water,Pennington,"CUSTER, RAPID CITY",35,4,24,7
SD4600902,PACTOLA WATER ASSOCIATION,Transient non-community system,Ground water,Pennington,"BLACK HAWK, RAPID CITY",25,4,4,5
SD4600697,PALMER GULCH LODGE/MT RUSHMORE KOA,Transient non-community system,Ground water,Pennington,"BLACK HAWK, HILL CITY",850,15,4,5
SD4600909,PINE REST CABINS,Transient non-community system,Ground water,Pennington,HILL CITY,79,4,11,5
SD4601067,PLACERVILLE CAMP,Transient non-community system,Ground water,Pennington,RAPID CITY,84,4,10,5
SD4600581,POWDER HOUSE LODGE,Transient non-community system,Ground water,Pennington,"KEYSTONE, RAPID CITY",300,7,5,7
SD4602357,POWDER HOUSE PASS,Transient non-community system,Surface water,Lawrence,LEAD,25,4,0,1
SD4602274,PRAIRIE BERRY WINERY,Transient non-community system,Ground water,Pennington,HILL CITY,1000,6,1,3
SD4602206,PRINGLE,Transient non-community system,Ground water,Custer,PRINGLE,60,5,58,5
SD4602247,R BAR AND GRILL,Transient non-community system,Ground water,Bennett,MARTIN,25,2,43,2
SD4600582,RAFTER-J BAR RANCH,Transient non-community system,Ground water,Pennington,HILL CITY,350,12,0,6
SD4602304,RAINBOW BIBLE RANCH,Transient non-community system,Ground water,Meade,STURGIS,50,6,28,1
SD4602205,RAMADA INN,Transient non-community system,Ground water,Meade,BLACK HAWK,50,4,8,3
SD4602222,RAPID CITY ATHLETIC CLUB,Transient non-community system,Ground water,Pennington,RAPID CITY,100,3,4,2
SD4600563,RAPID CITY RV PARK AND CG,Transient non-community system,Ground water,Pennington,RAPID CITY,188,4,50,5
SD4600890,REPTILE GARDENS INC,Transient non-community system,Ground water,Pennington,RAPID CITY,1169,6,6,4
SD4600583,ROBIN'S ROOST CABINS,Transient non-community system,Ground water,Pennington,HILL CITY,47,4,16,6
SD4602298,ROOST RESORT - CAMPGROUND WELL,Transient non-community system,Ground water,Custer,CUSTER,30,4,1,2
SD4602293,ROOST RESORT - EAST WELL,Transient non-community system,Ground water,Custer,CUSTER,30,4,0,2
SD4600732,ROOST RESORT - HOUSE WELL,Transient non-community system,Ground water,Custer,CUSTER,30,6,2,6
SD4601038,RUSH MOUNTAIN ADVENTURE PARK,Transient non-community system,Ground water,Pennington,KEYSTONE,300,3,9,5
SD4602359,RUSHMORE MOUNTAIN COASTER,Transient non-community system,Ground water,Pennington,KEYSTONE,300,2,0,1
SD4602245,RUSHMORE TRAMWAY ADVENTURES,Transient non-community system,Ground water,Pennington,KEYSTONE,500,4,8,1
SD4602364,RUSHMORE UNDER CANVAS,Transient non-community system,Ground water,Pennington,"BLACK HAWK, BOZEMAN, KEYSTONE",25,4,0,0
SD4602341,RUSTIC RIDGE GUEST CABINS,Transient non-community system,Ground water,Pennington,KEYSTONE,30,3,0,1
SD4601047,SAINT ONGE LIVESTOCK CAFE,Transient non-community system,Ground water,Lawrence,"SPEARFISH, ST ONGE",30,4,121,5
SD4601035,SALVATION ARMY CAMP,Transient non-community system,Ground water,Pennington,RAPID CITY,25,4,14,5
SD4600723,SCHMIDT'S LANDING,Transient non-community system,Ground water,Roberts,BIG STONE CITY,75,4,25,5
SD4602256,SHEPS CANYON COVE MHC,Transient non-community system,Ground water,Fall River,HOT SPRINGS,167,4,12,1
SD4602118,SHIPWRECK LEE'S,Transient non-community system,Ground water,Pennington,RAPID CITY,30,3,11,4
SD4600927,SILVER DOLLAR SALOON,Transient non-community system,Ground water,Pennington,HILL CITY,50,3,52,6
SD4600967,SOUTH WHITLOCK RESORT,Transient non-community system,Ground water,Potter,GETTYSBURG,50,1,15,4
SD4602160,SPEARFISH CANYON RESORT LLC,Transient non-community system,Ground water,Lawrence,"LEAD, SPEARFISH",100,4,8,4
SD4600708,SPEARFISH KOA,Transient non-community system,Ground water,Lawrence,SPEARFISH,100,5,1,5
SD4600649,SPOKANE CREEK CABINS & CAMPGROUND,Transient non-community system,Ground water,Custer,KEYSTONE,100,4,7,5
SD4600542,SPRING CREEK INN,Transient non-community system,Ground water,Pennington,HILL CITY,56,4,14,7
SD4602265,STEEL WHEEL CAMPGROUND AND CONVENIEN,Transient non-community system,Ground water,Lawrence,"BLACK HAWK, DEADWOOD",150,5,0,3
SD4601032,STORM MOUNTAIN CENTER,Transient non-community system,Ground water,Pennington,"MITCHELL, RAPID CITY",30,8,11,5
SD4602167,SUGAR SHACK,Transient non-community system,Ground water,Lawrence,DEADWOOD,75,3,47,4
SD4601045,TAM'S CORNER BAR,Transient non-community system,Ground water,Harding,CAMP CROOK,25,2,76,6
SD4600710,TEE PEE CAMPGROUND,Transient non-community system,Ground water,Pennington,RAPID CITY,440,3,11,5
SD4602165,THREE FLAGS RV PARK,Transient non-community system,Ground water,Meade,BLACK HAWK,45,4,2,6
SD4600598,THREE FORKS CAMPGROUND AND RV PARK,Transient non-community system,Ground water,Pennington,HILL CITY,25,7,16,7
SD4601052,THUNDERHEAD EPISCOPAL CAMP,Transient non-community system,Ground water,Lawrence,"RAPID CITY, SIOUX FALLS",45,3,28,5
SD4600597,TOMAHAWK COUNTRY CLUB-CLUBHOUSE,Transient non-community system,Ground water,Lawrence,"DEADWOOD, LEAD",60,3,21,6
SD4601050,TRAILSHEAD LODGE,Transient non-community system,Ground water,Lawrence,LEAD,50,3,4,6
SD4680054,USFS-BHNF BISMARK LAKE CAMPGROUND,Transient non-community system,Ground water,Custer,"CUSTER, HILL CITY",25,4,13,7
SD4680073,USFS-BHNF CHIPPER/THUMPER CG,Transient non-community system,Ground water,Pennington,"CUSTER, HILL CITY",48,4,3,5
SD4680056,USFS-BHNF COMMANCHE PARK CAMPGROUND,Transient non-community system,Ground water,Custer,"CUSTER, HILL CITY",25,4,9,7
SD4680062,USFS-BHNF DUTCHMAN CAMPGROUND,Transient non-community system,Ground water,Pennington,"CUSTER, HILL CITY",28,5,20,3
SD4680063,USFS-BHNF HORSETHIEF LAKE CG,Transient non-community system,Ground water,Pennington,"CUSTER, HILL CITY",79,3,3,5
SD4680064,USFS-BHNF OREVILLE CAMPGROUND,Transient non-community system,Ground water,Pennington,"CUSTER, HILL CITY",40,4,2,7
SD4680071,USFS-BHNF PACTOLA CAMPGROUND,Transient non-community system,Ground water,Pennington,"CUSTER, HILL CITY",117,4,3,4
SD4680110,USFS-BHNF PACTOLA VISITOR CENTER,Transient non-community system,Ground water,Pennington,"CUSTER, SPEARFISH",535,4,23,5
SD4680078,USFS-BHNF ROCKY CAMPGROUND,Transient non-community system,Ground water,Pennington,"CUSTER, HILL CITY",48,5,4,5
SD4680068,USFS-BHNF ROUBAIX LAKE CG,Transient non-community system,Ground water,Lawrence,"CUSTER, HILL CITY",65,4,3,5
SD4680074,USFS-BHNF WOODSY/SMOKEY CG,Transient non-community system,Ground water,Pennington,"CUSTER, HILL CITY",48,5,9,3
SD4600609,WHEELS WEST RV PARK,Transient non-community system,Ground water,Custer,CUSTER,68,3,15,7
SD4600716,WHISPERING PINES CAMPGROUND,Transient non-community system,Ground water,Pennington,RAPID CITY,41,3,9,5
SD4602300,WHISPERING WINDS COTTAGES,Transient non-community system,Ground water,Pennington,"HILL CITY, RAPID CITY",25,3,4,1
SD4602190,WICKIUP VILLAGE CABINS LLC,Transient non-community system,Ground water,Lawrence,LEAD,65,3,15,5
SD4600605,WILD BILL'S CAMPGROUND,Transient non-community system,Ground water,Lawrence,DEADWOOD,50,3,10,7
SD4600903,YMCA GIRAFFIC PARK,Transient non-community system,Ground water,Pennington,RAPID CITY,250,2,20,5
